study_id,project_name,study_phase,protocol_version,designation,protocol_id,mean_cell_steps
neuron_model_behavioral_validation,Neuraxis,development_pilot,PILOT2_PROTOCOL,Exploratory development data; second development iteration informed by Pilot 1; not independent confirmation; never pooled with the confirmatory held-out estimate,P00_canonical,272000.0
neuron_model_behavioral_validation,Neuraxis,development_pilot,PILOT2_PROTOCOL,Exploratory development data; second development iteration informed by Pilot 1; not independent confirmation; never pooled with the confirmatory held-out estimate,P02_weak_step,200000.0
neuron_model_behavioral_validation,Neuraxis,development_pilot,PILOT2_PROTOCOL,Exploratory development data; second development iteration informed by Pilot 1; not independent confirmation; never pooled with the confirmatory held-out estimate,P04_step_2x,200000.0
neuron_model_behavioral_validation,Neuraxis,development_pilot,PILOT2_PROTOCOL,Exploratory development data; second development iteration informed by Pilot 1; not independent confirmation; never pooled with the confirmatory held-out estimate,P05_long_step,500000.0
neuron_model_behavioral_validation,Neuraxis,development_pilot,PILOT2_PROTOCOL,Exploratory development data; second development iteration informed by Pilot 1; not independent confirmation; never pooled with the confirmatory held-out estimate,P06_ramp,300000.0
neuron_model_behavioral_validation,Neuraxis,development_pilot,PILOT2_PROTOCOL,Exploratory development data; second development iteration informed by Pilot 1; not independent confirmation; never pooled with the confirmatory held-out estimate,P07_hyperpolarizing_step,200000.0
neuron_model_behavioral_validation,Neuraxis,development_pilot,PILOT2_PROTOCOL,Exploratory development data; second development iteration informed by Pilot 1; not independent confirmation; never pooled with the confirmatory held-out estimate,P08_rebound,220000.0
neuron_model_behavioral_validation,Neuraxis,development_pilot,PILOT2_PROTOCOL,Exploratory development data; second development iteration informed by Pilot 1; not independent confirmation; never pooled with the confirmatory held-out estimate,P09_short_pulse,100000.0
neuron_model_behavioral_validation,Neuraxis,development_pilot,PILOT2_PROTOCOL,Exploratory development data; second development iteration informed by Pilot 1; not independent confirmation; never pooled with the confirmatory held-out estimate,P03_rheobase,7680000.0
