variant_id,model_id,kind,family,operator,params,class,admissible,structural_valid,libneuroml_strict,status_h,n_detections_h,n_detections_h2,canonical_detected_h,canonical_detected_reproducible,detecting_protocols,canonical_runs_but_battery_failed,runtime_s
m-scale_conductance-56da844943,pospischil2008_rs,mutant,biophysical,scale_conductance,"{""changes"": [{""attribute"": ""condDensity"", ""locator"": ""/neuroml[@id='RS']/cell[@id='RS']/biophysicalProperties[@id='biophys']/membraneProperties[1]/channelDensity[@id='IM_all']"", ""new"": ""0.0875 mS_per_cm2"", ""old"": ""0.07 mS_per_cm2""}], ""element"": ""channelDensity"", ""element_id"": ""IM_all"", ""factor"": 1.25, ""generator_seed"": 20260913}",5_non_equivalent,True,True,True,ok,18,18,True,True,P00_canonical;P03_rheobase;P04_step_2x;P05_long_step;P06_ramp,False,1661.494
m-scale_conductance-fa05b19484,pospischil2008_rs,mutant,biophysical,scale_conductance,"{""changes"": [{""attribute"": ""condDensity"", ""locator"": ""/neuroml[@id='RS']/cell[@id='RS']/biophysicalProperties[@id='biophys']/membraneProperties[1]/channelDensityVShift[@id='Na_all']"", ""new"": ""45.0 mS_per_cm2"", ""old"": ""50.0 mS_per_cm2""}], ""element"": ""channelDensityVShift"", ""element_id"": ""Na_all"", ""factor"": 0.9, ""generator_seed"": 20260913}",5_non_equivalent,True,True,True,ok,3,3,True,True,P00_canonical;P05_long_step,False,1662.956
m-shift_reversal-2d2e2ab474,pospischil2008_rs,mutant,biophysical,shift_reversal,"{""changes"": [{""attribute"": ""erev"", ""locator"": ""/neuroml[@id='RS']/cell[@id='RS']/biophysicalProperties[@id='biophys']/membraneProperties[1]/channelDensity[@id='Kd_all']"", ""new"": ""-105.0 mV"", ""old"": ""-100.0 mV""}], ""element"": ""channelDensity"", ""element_id"": ""Kd_all"", ""generator_seed"": 20260913, ""shift_mV"": -5.0}",5_non_equivalent,True,True,True,ok,8,7,True,True,P00_canonical;P04_step_2x;P05_long_step,False,1645.4
m-shift_reversal-8c42fb9d1f,pospischil2008_rs,mutant,biophysical,shift_reversal,"{""changes"": [{""attribute"": ""erev"", ""locator"": ""/neuroml[@id='RS']/cell[@id='RS']/biophysicalProperties[@id='biophys']/membraneProperties[1]/channelDensity[@id='IM_all']"", ""new"": ""-95.0 mV"", ""old"": ""-100.0 mV""}], ""element"": ""channelDensity"", ""element_id"": ""IM_all"", ""generator_seed"": 20260913, ""shift_mV"": 5.0}",5_non_equivalent,True,True,True,ok,13,13,True,True,P00_canonical;P04_step_2x;P05_long_step;P06_ramp,False,1665.731
m-scale_capacitance-ca8d29abe3,pospischil2008_rs,mutant,biophysical,scale_capacitance,"{""changes"": [{""attribute"": ""value"", ""locator"": ""/neuroml[@id='RS']/cell[@id='RS']/biophysicalProperties[@id='biophys']/membraneProperties[1]/specificCapacitance[1]"", ""new"": ""1.1 uF_per_cm2"", ""old"": ""1.0 uF_per_cm2""}], ""element"": ""specificCapacitance"", ""element_id"": null, ""factor"": 1.1, ""generator_seed"": 20260913}",5_non_equivalent,True,True,True,ok,15,14,True,True,P00_canonical;P04_step_2x;P05_long_step;P06_ramp,False,1677.827
m-scale_capacitance-a0c243c06e,pospischil2008_rs,mutant,biophysical,scale_capacitance,"{""changes"": [{""attribute"": ""value"", ""locator"": ""/neuroml[@id='RS']/cell[@id='RS']/biophysicalProperties[@id='biophys']/membraneProperties[1]/specificCapacitance[1]"", ""new"": ""2.0 uF_per_cm2"", ""old"": ""1.0 uF_per_cm2""}], ""element"": ""specificCapacitance"", ""element_id"": null, ""factor"": 2.0, ""generator_seed"": 20260913}",5_non_equivalent,True,True,True,ok,35,36,True,True,P00_canonical;P03_rheobase;P04_step_2x;P05_long_step;P06_ramp;P09_short_pulse;P10_paired_pulses,False,1714.078
m-scale_gate_time_constant-d9645f95f6,pospischil2008_rs,mutant,biophysical,scale_gate_time_constant,"{""channel"": ""Kd"", ""factor"": 2.0, ""gate"": ""n"", ""generator_seed"": 20260913, ""mechanism"": ""q10_insert""}",5_non_equivalent,True,True,True,ok,28,28,True,True,P00_canonical;P04_step_2x;P05_long_step;P06_ramp;P09_short_pulse;P10_paired_pulses,False,1683.528
m-scale_gate_time_constant-244443ee5f,pospischil2008_rs,mutant,biophysical,scale_gate_time_constant,"{""channel"": ""Na"", ""factor"": 1.25, ""gate"": ""h"", ""generator_seed"": 20260913, ""mechanism"": ""q10_insert""}",5_non_equivalent,True,True,True,ok,17,16,True,True,P00_canonical;P04_step_2x;P05_long_step;P06_ramp;P09_short_pulse,False,1703.864
m-shift_initial_voltage-fa992f061c,pospischil2008_rs,mutant,biophysical,shift_initial_voltage,"{""changes"": [{""attribute"": ""value"", ""locator"": ""/neuroml[@id='RS']/cell[@id='RS']/biophysicalProperties[@id='biophys']/membraneProperties[1]/initMembPotential[1]"", ""new"": ""-75.0 mV"", ""old"": ""-70.0 mV""}], ""element"": ""initMembPotential"", ""element_id"": null, ""generator_seed"": 20260913, ""shift_mV"": -5.0}",4_equivalent_within_tested_domain,False,True,True,ok,0,,False,False,,False,630.416
m-shift_initial_voltage-26ed299545,pospischil2008_rs,mutant,biophysical,shift_initial_voltage,"{""changes"": [{""attribute"": ""value"", ""locator"": ""/neuroml[@id='RS']/cell[@id='RS']/biophysicalProperties[@id='biophys']/membraneProperties[1]/initMembPotential[1]"", ""new"": ""-68.0 mV"", ""old"": ""-70.0 mV""}], ""element"": ""initMembPotential"", ""element_id"": null, ""generator_seed"": 20260913, ""shift_mV"": 2.0}",4_equivalent_within_tested_domain,False,True,True,ok,0,,False,False,,False,608.087
m-wrong_segment_group-0524556243,pospischil2008_rs,mutant,biophysical,wrong_segment_group,"{""changes"": [{""attribute"": ""segmentGroup"", ""locator"": ""/neuroml[@id='RS']/cell[@id='RS']/biophysicalProperties[@id='biophys']/membraneProperties[1]/channelDensity[@id='Kd_all']"", ""new"": ""soma_group"", ""old"": null}], ""element"": ""channelDensity"", ""element_id"": ""Kd_all"", ""generator_seed"": 20260913, ""new_group"": ""soma_group""}",4_equivalent_within_tested_domain,False,True,True,ok,0,,False,False,,False,613.75
m-wrong_segment_group-01dc7ba1d7,pospischil2008_rs,mutant,biophysical,wrong_segment_group,"{""changes"": [{""attribute"": ""segmentGroup"", ""locator"": ""/neuroml[@id='RS']/cell[@id='RS']/biophysicalProperties[@id='biophys']/membraneProperties[1]/channelDensity[@id='IM_all']"", ""new"": ""Soma"", ""old"": null}], ""element"": ""channelDensity"", ""element_id"": ""IM_all"", ""generator_seed"": 20260913, ""new_group"": ""Soma""}",4_equivalent_within_tested_domain,False,True,True,ok,0,,False,False,,False,595.407
m-increase_dt-b7cdfa6b5c,pospischil2008_rs,mutant,numerical,increase_dt,"{""changes"": [{""attribute"": ""step"", ""locator"": ""/Lems[1]/Component[@id='sim1']"", ""new"": ""0.004ms"", ""old"": ""0.001ms""}], ""factor"": 4, ""generator_seed"": 20260913}",6_silent_under_canonical,True,True,True,ok,11,3,False,False,P04_step_2x;P05_long_step,False,467.741
m-increase_dt-f3e1491a0a,pospischil2008_rs,mutant,numerical,increase_dt,"{""changes"": [{""attribute"": ""step"", ""locator"": ""/Lems[1]/Component[@id='sim1']"", ""new"": ""0.01ms"", ""old"": ""0.001ms""}], ""factor"": 10, ""generator_seed"": 20260913}",5_non_equivalent,True,True,True,ok,16,10,True,True,P00_canonical;P04_step_2x;P05_long_step;P06_ramp;P09_short_pulse,False,221.962
m-solver_config-5b315b1b38,pospischil2008_rs,mutant,numerical,solver_config,"{""generator_seed"": 20260913, ""mechanism"": ""insert_meta"", ""method"": ""rk4""}",4_equivalent_within_tested_domain,False,True,True,ok,0,,False,False,,False,555.229
m-solver_config-61de603422,pospischil2008_rs,mutant,numerical,solver_config,"{""generator_seed"": 20260913, ""mechanism"": ""insert_meta"", ""method"": ""eulertree""}",4_equivalent_within_tested_domain,False,True,True,ok,0,,False,False,,False,581.816
m-recording_resolution-809fde10a5,pospischil2008_rs,mutant,numerical,recording_resolution,"{""generator_seed"": 20260913, ""sample_every_ms"": 0.05}",4_equivalent_within_tested_domain,False,True,True,ok,0,,False,False,,False,541.162
m-recording_resolution-7d6e4357af,pospischil2008_rs,mutant,numerical,recording_resolution,"{""generator_seed"": 20260913, ""sample_every_ms"": 0.25}",6_silent_under_canonical,True,True,True,ok,3,4,False,False,P05_long_step;P09_short_pulse,False,1449.85
m-wrong_channel-9d7d66750b,pospischil2008_rs,mutant,reference,wrong_channel,"{""changes"": [{""attribute"": ""ionChannel"", ""locator"": ""/neuroml[@id='RS']/cell[@id='RS']/biophysicalProperties[@id='biophys']/membraneProperties[1]/channelDensity[@id='LeakConductance_all']"", ""new"": ""Kd"", ""old"": ""LeakConductance""}], ""element_id"": ""LeakConductance_all"", ""generator_seed"": 20260913, ""new_species"": ""k"", ""old_species"": ""non_specific""}",3_numerically_unstable,False,True,True,numerically_unstable,0,,False,False,,True,493.619
m-wrong_channel-ae41ace4e7,pospischil2008_rs,mutant,reference,wrong_channel,"{""changes"": [{""attribute"": ""ionChannel"", ""locator"": ""/neuroml[@id='RS']/cell[@id='RS']/biophysicalProperties[@id='biophys']/membraneProperties[1]/channelDensity[@id='Kd_all']"", ""new"": ""Na"", ""old"": ""Kd""}], ""element_id"": ""Kd_all"", ""generator_seed"": 20260913, ""new_species"": ""na"", ""old_species"": ""k""}",2_non_executable,False,True,True,build_error,0,,False,False,,False,521.109
m-omit_include-1e5a6df120,pospischil2008_rs,mutant,reference,omit_include,"{""generator_seed"": 20260913, ""href"": ""../../channels/Leak/Leak.channel.nml"", ""removed"": ""<include xmlns=\""http://www.neuroml.org/schema/neuroml2\"" xmlns:xsi=\""http://www.w3.org/2001/XMLSchema-instance\"" href=\""../../channels/Leak/Leak.channel.nml\""/>""}",1_structurally_invalid,False,False,True,not_run,0,,False,False,,False,0.0
m-omit_include-323831e37a,pospischil2008_rs,mutant,reference,omit_include,"{""generator_seed"": 20260913, ""href"": ""../../channels/Na/Na.channel.nml"", ""removed"": ""<include xmlns=\""http://www.neuroml.org/schema/neuroml2\"" xmlns:xsi=\""http://www.w3.org/2001/XMLSchema-instance\"" href=\""../../channels/Na/Na.channel.nml\""/>""}",2_non_executable,False,True,True,build_error,0,,False,False,,True,48.259
m-duplicate_conductance-c92521ba5f,pospischil2008_rs,mutant,reference,duplicate_conductance,"{""generator_seed"": 20260913, ""new_id"": ""Kd_all_dup"", ""source_id"": ""Kd_all""}",5_non_equivalent,True,True,True,ok,21,22,True,True,P00_canonical;P04_step_2x;P05_long_step;P06_ramp;P09_short_pulse,False,1909.883
m-duplicate_conductance-4e2ab48a04,pospischil2008_rs,mutant,reference,duplicate_conductance,"{""generator_seed"": 20260913, ""new_id"": ""IM_all_dup"", ""source_id"": ""IM_all""}",5_non_equivalent,True,True,True,ok,31,31,True,True,P00_canonical;P01_baseline;P02_weak_step;P03_rheobase;P04_step_2x;P05_long_step;P06_ramp;P07_hyperpolarizing_step;P09_short_pulse,False,1911.872
m-wrong_compatible_component-6f57d23e68,pospischil2008_rs,mutant,reference,wrong_compatible_component,"{""changes"": [{""attribute"": ""ionChannel"", ""locator"": ""/neuroml[@id='RS']/cell[@id='RS']/biophysicalProperties[@id='biophys']/membraneProperties[1]/channelDensity[@id='Kd_all']"", ""new"": ""IM"", ""old"": ""Kd""}], ""element_id"": ""Kd_all"", ""generator_seed"": 20260913, ""new_species"": ""k"", ""old_species"": ""k""}",2_non_executable,False,True,True,build_error,0,,False,False,,False,444.412
m-wrong_compatible_component-b3f30eac45,pospischil2008_rs,mutant,reference,wrong_compatible_component,"{""changes"": [{""attribute"": ""ionChannel"", ""locator"": ""/neuroml[@id='RS']/cell[@id='RS']/biophysicalProperties[@id='biophys']/membraneProperties[1]/channelDensity[@id='IM_all']"", ""new"": ""Kd"", ""old"": ""IM""}], ""element_id"": ""IM_all"", ""generator_seed"": 20260913, ""new_species"": ""k"", ""old_species"": ""k""}",2_non_executable,False,True,True,build_error,0,,False,False,,False,469.038
pospischil2008_rs__unit_conversion__000,pospischil2008_rs,valid_transform,unit_conversion,unit_conversion,"{""attribute"": ""value"", ""file"": ""NeuroML2/cells/RS/RS.cell.nml"", ""generator_seed"": 20260913, ""locator"": ""/neuroml/cell[@id='RS']/biophysicalProperties[@id='biophys']/membraneProperties[1]/initMembPotential[1]"", ""n_sites"": 39, ""new"": ""-0.07 V"", ""old"": ""-70.0 mV"", ""site_index"": 15, ""to_unit"": ""V"", ""xsd_type"": ""Nml2Quantity_voltage""}",4_equivalent_within_tested_domain,False,True,True,ok,0,,False,False,,False,297.621
pospischil2008_rs__xml_formatting__000,pospischil2008_rs,no_change_control,formatting,xml_formatting,"{""file"": ""NeuroML2/channels/IM/IM.channel.nml"", ""generator_seed"": 20260913, ""locator"": ""/neuroml"", ""n_sites"": 14, ""site_index"": 6, ""style"": ""reindent""}",4_equivalent_within_tested_domain,False,True,True,ok,0,,False,False,,False,497.161
pospischil2008_rs__add_comments__000,pospischil2008_rs,no_change_control,formatting,add_comments,"{""file"": ""NeuroML2/channels/Leak/Leak.channel.nml"", ""generator_seed"": 20260913, ""locator"": ""/neuroml"", ""n_sites"": 21, ""position"": ""before_each_child"", ""site_index"": 16}",4_equivalent_within_tested_domain,False,True,True,ok,0,,False,False,,False,301.169
pospischil2008_rs__numeric_literal_format__000,pospischil2008_rs,valid_transform,literal_format,numeric_literal_format,"{""attribute"": ""condDensity"", ""file"": ""NeuroML2/cells/RS/RS.cell.nml"", ""generator_seed"": 20260913, ""locator"": ""/neuroml/cell[@id='RS']/biophysicalProperties[@id='biophys']/membraneProperties[1]/channelDensity[@id='LeakConductance_all']"", ""n_sites"": 126, ""new"": ""0.10 mS_per_cm2"", ""old"": ""0.1 mS_per_cm2"", ""site_index"": 18, ""style"": ""padded"", ""xsd_type"": ""Nml2Quantity_conductanceDensity""}",4_equivalent_within_tested_domain,False,True,True,ok,0,,False,False,,False,545.505
pospischil2008_rs__rename_identifier__000,pospischil2008_rs,valid_transform,renaming,rename_identifier,"{""file"": ""NeuroML2/cells/RS/RS.cell.nml"", ""generator_seed"": 20260913, ""kind"": ""channelDensity"", ""locator"": ""/neuroml/cell[@id='RS']/biophysicalProperties[@id='biophys']/membraneProperties[1]/channelDensity[@id='Kd_all']"", ""n_sites"": 20, ""new"": ""Kd_all_renamed"", ""old"": ""Kd_all"", ""site_index"": 6}",4_equivalent_within_tested_domain,False,True,True,ok,0,,False,False,,False,502.426
pospischil2008_rs__factor_file__000,pospischil2008_rs,valid_transform,factoring,factor_file,"{""element"": ""pulseGenerator"", ""file"": ""NeuroML2/cells/RS/RS.net.nml"", ""generator_seed"": 20260913, ""ident"": ""Input_1"", ""locator"": ""/neuroml/pulseGenerator[@id='Input_1']"", ""n_sites"": 11, ""new_file"": ""NeuroML2/cells/RS/Input_1.factored.nml"", ""site_index"": 1}",4_equivalent_within_tested_domain,False,True,True,ok,0,,False,False,,False,318.325
pospischil2008_rs__reorder_independent__000,pospischil2008_rs,valid_transform,reordering,reorder_independent,"{""count"": 2, ""file"": ""NeuroML2/channels/Kd/Kd.channel.nml"", ""first"": 1, ""generator_seed"": 20260913, ""locator"": ""/neuroml"", ""n_sites"": 13, ""permutation"": ""reverse"", ""site_index"": 9, ""tag"": ""ComponentType""}",4_equivalent_within_tested_domain,False,True,True,ok,0,,False,False,,False,519.059
pospischil2008_rs__explicit_default__000,pospischil2008_rs,valid_transform,explicit_default,explicit_default,"{""attribute"": ""segmentGroup"", ""file"": ""NeuroML2/cells/RS/RS.cell.nml"", ""generator_seed"": 20260913, ""locator"": ""/neuroml/cell[@id='RS']/biophysicalProperties[@id='biophys']/membraneProperties[1]/specificCapacitance[1]"", ""n_sites"": 8, ""site_index"": 5, ""value"": ""all"", ""xsd_type"": ""SpecificCapacitance""}",4_equivalent_within_tested_domain,False,True,True,ok,0,,False,False,,False,525.781
m-scale_conductance-9b1ec69fe4,pospischil2008_lts,mutant,biophysical,scale_conductance,"{""changes"": [{""attribute"": ""condDensity"", ""locator"": ""/neuroml[@id='LTS']/cell[@id='LTS']/biophysicalProperties[@id='biophys']/membraneProperties[1]/channelDensity[@id='IM_all']"", ""new"": ""2.7e-5 S_per_cm2"", ""old"": ""3e-5 S_per_cm2""}], ""element"": ""channelDensity"", ""element_id"": ""IM_all"", ""factor"": 0.9, ""generator_seed"": 20260913}",5_non_equivalent,True,True,False,ok,2,2,True,True,P00_canonical,False,1937.372
m-scale_conductance-1000aafe3e,pospischil2008_lts,mutant,biophysical,scale_conductance,"{""changes"": [{""attribute"": ""condDensity"", ""locator"": ""/neuroml[@id='LTS']/cell[@id='LTS']/biophysicalProperties[@id='biophys']/membraneProperties[1]/channelDensityNernst[@id='IT_all']"", ""new"": ""3.6e-4 S_per_cm2"", ""old"": ""4e-4 S_per_cm2""}], ""element"": ""channelDensityNernst"", ""element_id"": ""IT_all"", ""factor"": 0.9, ""generator_seed"": 20260913}",5_non_equivalent,True,True,False,ok,9,9,True,True,P00_canonical;P02_weak_step;P03_rheobase;P04_step_2x;P05_long_step,False,2078.622
m-shift_reversal-27f94c8222,pospischil2008_lts,mutant,biophysical,shift_reversal,"{""changes"": [{""attribute"": ""erev"", ""locator"": ""/neuroml[@id='LTS']/cell[@id='LTS']/biophysicalProperties[@id='biophys']/membraneProperties[1]/channelDensity[@id='Na_all']"", ""new"": ""45.0 mV"", ""old"": ""50.0 mV""}], ""element"": ""channelDensity"", ""element_id"": ""Na_all"", ""generator_seed"": 20260913, ""shift_mV"": -5.0}",5_non_equivalent,True,True,False,ok,8,8,True,True,P00_canonical;P04_step_2x;P05_long_step,False,2122.562
m-shift_reversal-5c87169260,pospischil2008_lts,mutant,biophysical,shift_reversal,"{""changes"": [{""attribute"": ""erev"", ""locator"": ""/neuroml[@id='LTS']/cell[@id='LTS']/biophysicalProperties[@id='biophys']/membraneProperties[1]/channelDensity[@id='Kd_all']"", ""new"": ""-95.0 mV"", ""old"": ""-100.0 mV""}], ""element"": ""channelDensity"", ""element_id"": ""Kd_all"", ""generator_seed"": 20260913, ""shift_mV"": 5.0}",5_non_equivalent,True,True,False,ok,12,12,True,True,P00_canonical;P04_step_2x;P05_long_step,False,2076.718
m-scale_capacitance-ee6df9013d,pospischil2008_lts,mutant,biophysical,scale_capacitance,"{""changes"": [{""attribute"": ""value"", ""locator"": ""/neuroml[@id='LTS']/cell[@id='LTS']/biophysicalProperties[@id='biophys']/membraneProperties[1]/specificCapacitance[1]"", ""new"": ""1.1 uF_per_cm2"", ""old"": ""1.0 uF_per_cm2""}], ""element"": ""specificCapacitance"", ""element_id"": null, ""factor"": 1.1, ""generator_seed"": 20260913}",5_non_equivalent,True,True,False,ok,9,10,True,True,P00_canonical;P03_rheobase;P04_step_2x;P05_long_step,False,2198.606
m-scale_capacitance-64ced10e8f,pospischil2008_lts,mutant,biophysical,scale_capacitance,"{""changes"": [{""attribute"": ""value"", ""locator"": ""/neuroml[@id='LTS']/cell[@id='LTS']/biophysicalProperties[@id='biophys']/membraneProperties[1]/specificCapacitance[1]"", ""new"": ""2.0 uF_per_cm2"", ""old"": ""1.0 uF_per_cm2""}], ""element"": ""specificCapacitance"", ""element_id"": null, ""factor"": 2.0, ""generator_seed"": 20260913}",5_non_equivalent,True,True,False,ok,28,28,True,True,P00_canonical;P02_weak_step;P03_rheobase;P04_step_2x;P05_long_step;P07_hyperpolarizing_step;P08_rebound,False,2074.366
m-scale_gate_time_constant-834b272d00,pospischil2008_lts,mutant,biophysical,scale_gate_time_constant,"{""channel"": ""Na"", ""factor"": 2.0, ""gate"": ""m"", ""generator_seed"": 20260913, ""mechanism"": ""q10_insert""}",5_non_equivalent,True,True,False,ok,5,5,True,True,P00_canonical,False,2132.2
m-scale_gate_time_constant-bac677a78d,pospischil2008_lts,mutant,biophysical,scale_gate_time_constant,"{""channel"": ""IM"", ""factor"": 1.25, ""gate"": ""p"", ""generator_seed"": 20260913, ""mechanism"": ""q10_insert""}",5_non_equivalent,True,True,False,ok,3,3,True,True,P00_canonical,False,2145.869
m-shift_initial_voltage-11bd93c6c3,pospischil2008_lts,mutant,biophysical,shift_initial_voltage,"{""changes"": [{""attribute"": ""value"", ""locator"": ""/neuroml[@id='LTS']/cell[@id='LTS']/biophysicalProperties[@id='biophys']/membraneProperties[1]/initMembPotential[1]"", ""new"": ""-89.0 mV"", ""old"": ""-84.0 mV""}], ""element"": ""initMembPotential"", ""element_id"": null, ""generator_seed"": 20260913, ""shift_mV"": -5.0}",5_non_equivalent,True,True,False,ok,4,4,True,True,P00_canonical;P03_rheobase;P05_long_step,False,2121.144
m-shift_initial_voltage-6b902307a8,pospischil2008_lts,mutant,biophysical,shift_initial_voltage,"{""changes"": [{""attribute"": ""value"", ""locator"": ""/neuroml[@id='LTS']/cell[@id='LTS']/biophysicalProperties[@id='biophys']/membraneProperties[1]/initMembPotential[1]"", ""new"": ""-82.0 mV"", ""old"": ""-84.0 mV""}], ""element"": ""initMembPotential"", ""element_id"": null, ""generator_seed"": 20260913, ""shift_mV"": 2.0}",4_equivalent_within_tested_domain,False,True,False,ok,0,,False,False,,False,658.909
m-wrong_segment_group-feb11f7645,pospischil2008_lts,mutant,biophysical,wrong_segment_group,"{""changes"": [{""attribute"": ""segmentGroup"", ""locator"": ""/neuroml[@id='LTS']/cell[@id='LTS']/biophysicalProperties[@id='biophys']/membraneProperties[1]/channelDensity[@id='Kd_all']"", ""new"": ""Soma"", ""old"": null}], ""element"": ""channelDensity"", ""element_id"": ""Kd_all"", ""generator_seed"": 20260913, ""new_group"": ""Soma""}",4_equivalent_within_tested_domain,False,True,False,ok,0,,False,False,,False,698.516
m-wrong_segment_group-69f2f09ffc,pospischil2008_lts,mutant,biophysical,wrong_segment_group,"{""changes"": [{""attribute"": ""segmentGroup"", ""locator"": ""/neuroml[@id='LTS']/cell[@id='LTS']/biophysicalProperties[@id='biophys']/membraneProperties[1]/channelDensity[@id='Kd_all']"", ""new"": ""soma_group"", ""old"": null}], ""element"": ""channelDensity"", ""element_id"": ""Kd_all"", ""generator_seed"": 20260913, ""new_group"": ""soma_group""}",4_equivalent_within_tested_domain,False,True,False,ok,0,,False,False,,False,741.267
m-increase_dt-12296e231e,pospischil2008_lts,mutant,numerical,increase_dt,"{""changes"": [{""attribute"": ""step"", ""locator"": ""/Lems[1]/Component[@id='sim1']"", ""new"": ""0.004ms"", ""old"": ""0.001ms""}], ""factor"": 4, ""generator_seed"": 20260913}",6_silent_under_canonical,True,True,False,ok,4,2,True,False,P04_step_2x;P05_long_step,False,557.565
m-increase_dt-26c6d170d7,pospischil2008_lts,mutant,numerical,increase_dt,"{""changes"": [{""attribute"": ""step"", ""locator"": ""/Lems[1]/Component[@id='sim1']"", ""new"": ""0.01ms"", ""old"": ""0.001ms""}], ""factor"": 10, ""generator_seed"": 20260913}",5_non_equivalent,True,True,False,ok,7,6,True,True,P00_canonical;P04_step_2x;P05_long_step,False,271.13
m-solver_config-05a4d042ce,pospischil2008_lts,mutant,numerical,solver_config,"{""generator_seed"": 20260913, ""mechanism"": ""insert_meta"", ""method"": ""rk4""}",4_equivalent_within_tested_domain,False,True,False,ok,0,,False,False,,False,685.714
m-solver_config-f0ab9d8f86,pospischil2008_lts,mutant,numerical,solver_config,"{""generator_seed"": 20260913, ""mechanism"": ""insert_meta"", ""method"": ""eulertree""}",4_equivalent_within_tested_domain,False,True,False,ok,0,,False,False,,False,721.771
m-recording_resolution-7d86fbc601,pospischil2008_lts,mutant,numerical,recording_resolution,"{""generator_seed"": 20260913, ""sample_every_ms"": 0.05}",4_equivalent_within_tested_domain,False,True,False,ok,0,,False,False,,False,704.892
m-recording_resolution-46bcb819ee,pospischil2008_lts,mutant,numerical,recording_resolution,"{""generator_seed"": 20260913, ""sample_every_ms"": 0.25}",5_non_equivalent,True,True,False,ok,2,2,True,True,P00_canonical,False,1598.175
m-wrong_channel-091a20b452,pospischil2008_lts,mutant,reference,wrong_channel,"{""changes"": [{""attribute"": ""ionChannel"", ""locator"": ""/neuroml[@id='LTS']/cell[@id='LTS']/biophysicalProperties[@id='biophys']/membraneProperties[1]/channelDensity[@id='LeakConductance_all']"", ""new"": ""Kd"", ""old"": ""LeakConductance""}], ""element_id"": ""LeakConductance_all"", ""generator_seed"": 20260913, ""new_species"": ""k"", ""old_species"": ""non_specific""}",5_non_equivalent,True,True,False,ok,53,53,True,True,P00_canonical;P01_baseline;P02_weak_step;P03_rheobase;P04_step_2x;P05_long_step;P06_ramp;P07_hyperpolarizing_step;P08_rebound;P09_short_pulse;P10_paired_pulses,False,1665.31
m-wrong_channel-b78286d788,pospischil2008_lts,mutant,reference,wrong_channel,"{""changes"": [{""attribute"": ""ionChannel"", ""locator"": ""/neuroml[@id='LTS']/cell[@id='LTS']/biophysicalProperties[@id='biophys']/membraneProperties[1]/channelDensity[@id='Kd_all']"", ""new"": ""Na"", ""old"": ""Kd""}], ""element_id"": ""Kd_all"", ""generator_seed"": 20260913, ""new_species"": ""na"", ""old_species"": ""k""}",2_non_executable,False,True,False,build_error,0,,False,False,,False,704.233
m-omit_include-0307bc9abe,pospischil2008_lts,mutant,reference,omit_include,"{""generator_seed"": 20260913, ""href"": ""../../channels/IT/IT.channel.nml"", ""removed"": ""<include xmlns=\""http://www.neuroml.org/schema/neuroml2\"" xmlns:xsi=\""http://www.w3.org/2001/XMLSchema-instance\"" href=\""../../channels/IT/IT.channel.nml\""/>""}",1_structurally_invalid,False,False,True,not_run,0,,False,False,,False,0.0
m-omit_include-7207b139f8,pospischil2008_lts,mutant,reference,omit_include,"{""generator_seed"": 20260913, ""href"": ""../../channels/Ca/Ca.nml"", ""removed"": ""<include xmlns=\""http://www.neuroml.org/schema/neuroml2\"" xmlns:xsi=\""http://www.w3.org/2001/XMLSchema-instance\"" href=\""../../channels/Ca/Ca.nml\""/>""}",2_non_executable,False,True,False,build_error,0,,False,False,,True,63.738
m-duplicate_conductance-49ac9c1585,pospischil2008_lts,mutant,reference,duplicate_conductance,"{""generator_seed"": 20260913, ""new_id"": ""Na_all_dup"", ""source_id"": ""Na_all""}",5_non_equivalent,True,True,False,ok,9,9,True,True,P00_canonical;P04_step_2x;P05_long_step,False,1669.626
m-duplicate_conductance-e09481d53c,pospischil2008_lts,mutant,reference,duplicate_conductance,"{""generator_seed"": 20260913, ""new_id"": ""Kd_all_dup"", ""source_id"": ""Kd_all""}",5_non_equivalent,True,True,False,ok,11,11,True,True,P00_canonical;P04_step_2x;P05_long_step,False,1614.421
m-wrong_compatible_component-30dde70761,pospischil2008_lts,mutant,reference,wrong_compatible_component,"{""changes"": [{""attribute"": ""ionChannel"", ""locator"": ""/neuroml[@id='LTS']/cell[@id='LTS']/biophysicalProperties[@id='biophys']/membraneProperties[1]/channelDensity[@id='Kd_all']"", ""new"": ""IM"", ""old"": ""Kd""}], ""element_id"": ""Kd_all"", ""generator_seed"": 20260913, ""new_species"": ""k"", ""old_species"": ""k""}",2_non_executable,False,True,False,build_error,0,,False,False,,False,628.803
m-wrong_compatible_component-c51f0c7ae1,pospischil2008_lts,mutant,reference,wrong_compatible_component,"{""changes"": [{""attribute"": ""ionChannel"", ""locator"": ""/neuroml[@id='LTS']/cell[@id='LTS']/biophysicalProperties[@id='biophys']/membraneProperties[1]/channelDensity[@id='IM_all']"", ""new"": ""Kd"", ""old"": ""IM""}], ""element_id"": ""IM_all"", ""generator_seed"": 20260913, ""new_species"": ""k"", ""old_species"": ""k""}",2_non_executable,False,True,False,build_error,0,,False,False,,False,659.242
pospischil2008_lts__unit_conversion__000,pospischil2008_lts,valid_transform,unit_conversion,unit_conversion,"{""attribute"": ""conductance"", ""file"": ""NeuroML2/channels/Kd/Kd.channel.nml"", ""generator_seed"": 20260913, ""locator"": ""/neuroml/ionChannel[@id='Kd']"", ""n_sites"": 51, ""new"": ""1e-11S"", ""old"": ""10pS"", ""site_index"": 39, ""to_unit"": ""S"", ""xsd_type"": ""Nml2Quantity_conductance""}",4_equivalent_within_tested_domain,False,True,False,ok,0,,False,False,,False,706.602
pospischil2008_lts__xml_formatting__000,pospischil2008_lts,no_change_control,formatting,xml_formatting,"{""file"": ""NeuroML2/channels/Ca/Ca.nml"", ""generator_seed"": 20260913, ""locator"": ""/neuroml"", ""n_sites"": 18, ""site_index"": 7, ""style"": ""attribute_order""}",4_equivalent_within_tested_domain,False,True,False,ok,0,,False,False,,False,657.169
pospischil2008_lts__add_comments__000,pospischil2008_lts,no_change_control,formatting,add_comments,"{""file"": ""NeuroML2/cells/LTS/LTS.cell.nml"", ""generator_seed"": 20260913, ""locator"": ""/neuroml"", ""n_sites"": 27, ""position"": ""root_start"", ""site_index"": 3}",4_equivalent_within_tested_domain,False,True,False,ok,0,,False,False,,False,671.576
pospischil2008_lts__numeric_literal_format__000,pospischil2008_lts,valid_transform,literal_format,numeric_literal_format,"{""attribute"": ""value"", ""file"": ""NeuroML2/cells/LTS/LTS.cell.nml"", ""generator_seed"": 20260913, ""locator"": ""/neuroml/cell[@id='LTS']/biophysicalProperties[@id='biophys']/intracellularProperties[1]/resistivity[1]"", ""n_sites"": 153, ""new"": ""100.0 ohm_cm"", ""old"": ""100 ohm_cm"", ""site_index"": 65, ""style"": ""padded"", ""xsd_type"": ""Nml2Quantity_resistivity""}",4_equivalent_within_tested_domain,False,True,False,ok,0,,False,False,,False,671.752
pospischil2008_lts__rename_identifier__000,pospischil2008_lts,valid_transform,renaming,rename_identifier,"{""file"": ""NeuroML2/cells/LTS/LTS.cell.nml"", ""generator_seed"": 20260913, ""kind"": ""segmentGroup"", ""locator"": ""/neuroml/cell[@id='LTS']/morphology[@id='morphology_LTS']/segmentGroup[@id='soma_group']"", ""n_sites"": 25, ""new"": ""soma_group_renamed"", ""old"": ""soma_group"", ""site_index"": 3}",4_equivalent_within_tested_domain,False,True,False,ok,0,,False,False,,False,654.87
pospischil2008_lts__factor_file__000,pospischil2008_lts,valid_transform,factoring,factor_file,"{""element"": ""ComponentType"", ""file"": ""NeuroML2/channels/Na/Na.channel.nml"", ""generator_seed"": 20260913, ""ident"": ""Na_h_alpha_rate"", ""locator"": ""/neuroml/ComponentType[@name='Na_h_alpha_rate']"", ""n_sites"": 15, ""new_file"": ""NeuroML2/channels/Na/Na_h_alpha_rate.factored.nml"", ""site_index"": 13}",4_equivalent_within_tested_domain,False,True,False,ok,0,,False,False,,False,571.833
pospischil2008_lts__reorder_independent__000,pospischil2008_lts,valid_transform,reordering,reorder_independent,"{""count"": 4, ""file"": ""NeuroML2/channels/IT/IT.channel.nml"", ""first"": 1, ""generator_seed"": 20260913, ""locator"": ""/neuroml"", ""n_sites"": 14, ""permutation"": ""reverse"", ""site_index"": 7, ""tag"": ""ComponentType""}",4_equivalent_within_tested_domain,False,True,False,ok,0,,False,False,,False,541.902
pospischil2008_lts__explicit_default__000,pospischil2008_lts,valid_transform,explicit_default,explicit_default,"{""attribute"": ""segmentGroup"", ""file"": ""NeuroML2/cells/LTS/LTS.cell.nml"", ""generator_seed"": 20260913, ""locator"": ""/neuroml/cell[@id='LTS']/biophysicalProperties[@id='biophys']/membraneProperties[1]/channelDensity[@id='Na_all']"", ""n_sites"": 10, ""site_index"": 1, ""value"": ""all"", ""xsd_type"": ""ChannelDensity""}",4_equivalent_within_tested_domain,False,True,False,ok,0,,False,False,,False,501.884
