study_id,project_name,study_phase,protocol_version,designation,variant_id,model_id,stratum,protocols,status,plot
neuron_model_behavioral_validation,Neuraxis,development_pilot,PILOT2_PROTOCOL,Exploratory development data; second development iteration informed by Pilot 1; not independent confirmation; never pooled with the confirmatory held-out estimate,m-scale_conductance-44150b501c,acnet2_pyr_soma,primary_semantic,P00_canonical;P04_step_2x;P05_long_step;P06_ramp;P07_hyperpolarizing_step;P09_short_pulse,plotted,C:/Users/gurra/NeuroSem/results/figures/pilot2/canonical_survivors/primary_semantic/m-scale_conductance-44150b501c.png
neuron_model_behavioral_validation,Neuraxis,development_pilot,PILOT2_PROTOCOL,Exploratory development data; second development iteration informed by Pilot 1; not independent confirmation; never pooled with the confirmatory held-out estimate,m-scale_conductance-0fd04dc708,migliore2014_mt_soma,primary_semantic,P00_canonical;P05_long_step;P06_ramp,plotted,C:/Users/gurra/NeuroSem/results/figures/pilot2/canonical_survivors/primary_semantic/m-scale_conductance-0fd04dc708.png
neuron_model_behavioral_validation,Neuraxis,development_pilot,PILOT2_PROTOCOL,Exploratory development data; second development iteration informed by Pilot 1; not independent confirmation; never pooled with the confirmatory held-out estimate,m-scale_conductance-a9d05675ab,migliore2014_mt_soma,primary_semantic,P00_canonical;P04_step_2x;P05_long_step;P06_ramp;P07_hyperpolarizing_step,plotted,C:/Users/gurra/NeuroSem/results/figures/pilot2/canonical_survivors/primary_semantic/m-scale_conductance-a9d05675ab.png
neuron_model_behavioral_validation,Neuraxis,development_pilot,PILOT2_PROTOCOL,Exploratory development data; second development iteration informed by Pilot 1; not independent confirmation; never pooled with the confirmatory held-out estimate,m-shift_reversal-7be708c601,migliore2014_mt_soma,primary_semantic,P00_canonical,plotted,C:/Users/gurra/NeuroSem/results/figures/pilot2/canonical_survivors/primary_semantic/m-shift_reversal-7be708c601.png
neuron_model_behavioral_validation,Neuraxis,development_pilot,PILOT2_PROTOCOL,Exploratory development data; second development iteration informed by Pilot 1; not independent confirmation; never pooled with the confirmatory held-out estimate,m-shift_gate_midpoint-c36e1e57f0,migliore2014_mt_soma,primary_semantic,P00_canonical;P05_long_step;P06_ramp,plotted,C:/Users/gurra/NeuroSem/results/figures/pilot2/canonical_survivors/primary_semantic/m-shift_gate_midpoint-c36e1e57f0.png
neuron_model_behavioral_validation,Neuraxis,development_pilot,PILOT2_PROTOCOL,Exploratory development data; second development iteration informed by Pilot 1; not independent confirmation; never pooled with the confirmatory held-out estimate,m-scale_conductance-d67ea70a4a,osb_hh2_477127614,primary_semantic,P00_canonical;P05_long_step,plotted,C:/Users/gurra/NeuroSem/results/figures/pilot2/canonical_survivors/primary_semantic/m-scale_conductance-d67ea70a4a.png
neuron_model_behavioral_validation,Neuraxis,development_pilot,PILOT2_PROTOCOL,Exploratory development data; second development iteration informed by Pilot 1; not independent confirmation; never pooled with the confirmatory held-out estimate,m-shift_reversal-c7e1f18cfe,osb_hh2_477127614,primary_semantic,P00_canonical;P04_step_2x;P05_long_step,plotted,C:/Users/gurra/NeuroSem/results/figures/pilot2/canonical_survivors/primary_semantic/m-shift_reversal-c7e1f18cfe.png
neuron_model_behavioral_validation,Neuraxis,development_pilot,PILOT2_PROTOCOL,Exploratory development data; second development iteration informed by Pilot 1; not independent confirmation; never pooled with the confirmatory held-out estimate,m-duplicate_conductance-06ea96d790,osb_hh2_477127614,primary_semantic,P00_canonical;P04_step_2x;P05_long_step,plotted,C:/Users/gurra/NeuroSem/results/figures/pilot2/canonical_survivors/primary_semantic/m-duplicate_conductance-06ea96d790.png
neuron_model_behavioral_validation,Neuraxis,development_pilot,PILOT2_PROTOCOL,Exploratory development data; second development iteration informed by Pilot 1; not independent confirmation; never pooled with the confirmatory held-out estimate,m-wrong_compatible_component-a12a6658b4,osb_hh2_477127614,primary_semantic,P00_canonical;P04_step_2x;P05_long_step,plotted,C:/Users/gurra/NeuroSem/results/figures/pilot2/canonical_survivors/primary_semantic/m-wrong_compatible_component-a12a6658b4.png
