study_id,project_name,study_phase,protocol_version,designation,variant_id,model_id,model_set,stratum,kind,family,operator,params,class,interpretation,detecting_protocols,reproducible_primary,analysis_family,severity,edit_kind,n_edits,A_basic_pass,B_canonical_feature,C_canonical_trace,D_multi_protocol,E_full_battery,reproducible_trace,survivor_confirmed_h4,note
neuron_model_behavioral_validation,Neuraxis,development_pilot,PILOT2_PROTOCOL,Exploratory development data; second development iteration informed by Pilot 1; not independent confirmation; never pooled with the confirmatory held-out estimate,m-shift_gate_midpoint-e68b2bd3be,acnet2_pyr_soma,other_model,primary_semantic,mutant,kinetics,shift_gate_midpoint,"{""changes"": [{""attribute"": ""midpoint"", ""locator"": ""/neuroml[@id='Ca_pyr']/ionChannel[@id='Ca_pyr']/gate[@id='m']/forwardRate[1]"", ""new"": ""1e-2V"", ""old"": ""5e-03V""}, {""attribute"": ""midpoint"", ""locator"": ""/neuroml[@id='Ca_pyr']/ionChannel[@id='Ca_pyr']/gate[@id='m']/reverseRate[1]"", ""new"": ""-3.9e-3V"", ""old"": ""-8.9e-3V""}], ""channel"": ""Ca_pyr"", ""delta_mV"": 5.0, ""gate"": ""m"", ""generator_seed"": 20260917, ""mechanism"": ""rates""}",5_non_equivalent,5_non_equivalent,P00_canonical;P02_weak_step;P03_rheobase;P04_step_2x;P05_long_step;P06_ramp;P09_short_pulse,P00_canonical:adaptation_index;P00_canonical:last_isi;P00_canonical:spike_count;P02_weak_step:steady_state_voltage;P03_rheobase:rheobase;P04_step_2x:ahp_depth;P04_step_2x:first_spike_latency;P04_step_2x:last_isi;P05_long_step:ahp_depth;P05_long_step:first_spike_latency;P05_long_step:last_isi;P05_long_step:spike_count;P06_ramp:first_spike_latency;P09_short_pulse:ahp_depth;P09_short_pulse:ap_amplitude;P09_short_pulse:first_spike_latency;P09_short_pulse:spike_count,gating_voltage_dependence,mild,unrecorded,0,True,True,True,True,True,P00_canonical:spike_count;P02_weak_step:trace_rmse;P04_step_2x:spike_timing;P05_long_step:spike_count;P06_ramp:spike_timing;P09_short_pulse:spike_count;P09_short_pulse:trace_rmse,,"atomic and compound kinetics results are reported separately, never pooled"
neuron_model_behavioral_validation,Neuraxis,development_pilot,PILOT2_PROTOCOL,Exploratory development data; second development iteration informed by Pilot 1; not independent confirmation; never pooled with the confirmatory held-out estimate,m-shift_gate_midpoint-3c7134e6ec,acnet2_pyr_soma,other_model,primary_semantic,mutant,kinetics,shift_gate_midpoint,"{""changes"": [{""attribute"": ""midpoint"", ""locator"": ""/neuroml[@id='Na_pyr']/ionChannel[@id='Na_pyr']/gate[@id='h']/forwardRate[1]"", ""new"": ""-3.3e-2V"", ""old"": ""-4.3e-2V""}, {""attribute"": ""midpoint"", ""locator"": ""/neuroml[@id='Na_pyr']/ionChannel[@id='Na_pyr']/gate[@id='h']/reverseRate[1]"", ""new"": ""-1e-2V"", ""old"": ""-2e-2V""}], ""channel"": ""Na_pyr"", ""delta_mV"": 10.0, ""gate"": ""h"", ""generator_seed"": 20260917, ""mechanism"": ""rates""}",5_non_equivalent,5_non_equivalent,P00_canonical;P04_step_2x;P05_long_step,P00_canonical:adaptation_index;P00_canonical:last_isi;P00_canonical:spike_count;P04_step_2x:last_isi;P05_long_step:last_isi,gating_voltage_dependence,strong,unrecorded,0,True,True,True,True,True,P00_canonical:spike_count;P04_step_2x:spike_timing;P05_long_step:spike_timing;P06_ramp:spike_timing,,"atomic and compound kinetics results are reported separately, never pooled"
neuron_model_behavioral_validation,Neuraxis,development_pilot,PILOT2_PROTOCOL,Exploratory development data; second development iteration informed by Pilot 1; not independent confirmation; never pooled with the confirmatory held-out estimate,m-scale_gate_slope-d122bda225,acnet2_pyr_soma,other_model,primary_semantic,mutant,kinetics,scale_gate_slope,"{""changes"": [{""attribute"": ""scale"", ""locator"": ""/neuroml[@id='Ca_pyr']/ionChannel[@id='Ca_pyr']/gate[@id='m']/forwardRate[1]"", ""new"": ""0.0173625V"", ""old"": ""0.01389V""}, {""attribute"": ""scale"", ""locator"": ""/neuroml[@id='Ca_pyr']/ionChannel[@id='Ca_pyr']/gate[@id='m']/reverseRate[1]"", ""new"": ""-0.00625V"", ""old"": ""-0.005V""}], ""channel"": ""Ca_pyr"", ""factor"": 1.25, ""gate"": ""m"", ""generator_seed"": 20260917, ""mechanism"": ""rates""}",5_non_equivalent,5_non_equivalent,P00_canonical;P02_weak_step;P03_rheobase;P04_step_2x;P05_long_step;P06_ramp;P07_hyperpolarizing_step,P00_canonical:adaptation_index;P00_canonical:ahp_depth;P00_canonical:ap_amplitude;P00_canonical:first_spike_latency;P00_canonical:last_isi;P00_canonical:spike_count;P02_weak_step:steady_state_voltage;P03_rheobase:rheobase;P04_step_2x:ahp_depth;P04_step_2x:ap_amplitude;P04_step_2x:first_spike_latency;P04_step_2x:last_isi;P04_step_2x:spike_count;P05_long_step:adaptation_index;P05_long_step:ahp_depth;P05_long_step:ap_amplitude;P05_long_step:first_spike_latency;P05_long_step:last_isi;P05_long_step:spike_count;P06_ramp:first_spike_latency;P06_ramp:spike_count;P07_hyperpolarizing_step:steady_state_voltage,gating_voltage_dependence,mild,unrecorded,0,True,True,True,True,True,P00_canonical:spike_count;P02_weak_step:spike_count;P02_weak_step:trace_rmse;P04_step_2x:spike_count;P05_long_step:spike_count;P06_ramp:spike_count;P07_hyperpolarizing_step:spike_count;P07_hyperpolarizing_step:trace_rmse;P08_rebound:spike_count;P08_rebound:trace_rmse;P09_short_pulse:spike_count;P09_short_pulse:trace_rmse,,"atomic and compound kinetics results are reported separately, never pooled"
neuron_model_behavioral_validation,Neuraxis,development_pilot,PILOT2_PROTOCOL,Exploratory development data; second development iteration informed by Pilot 1; not independent confirmation; never pooled with the confirmatory held-out estimate,m-shift_forward_rate_midpoint-26075274d4,acnet2_pyr_soma,other_model,primary_semantic,mutant,kinetics,shift_forward_rate_midpoint,"{""changes"": [{""attribute"": ""midpoint"", ""locator"": ""/neuroml[@id='Kdr_pyr']/ionChannel[@id='Kdr_pyr']/gate[@id='n']/forwardRate[1]"", ""new"": ""-1.99e-2V"", ""old"": ""-2.49e-2V""}], ""channel"": ""Kdr_pyr"", ""delta_mV"": 5.0, ""gate"": ""n"", ""generator_seed"": 20260917, ""mechanism"": ""forward_rate""}",5_non_equivalent,5_non_equivalent,P00_canonical;P02_weak_step;P03_rheobase;P04_step_2x;P05_long_step;P06_ramp,P00_canonical:adaptation_index;P00_canonical:ahp_depth;P00_canonical:ap_amplitude;P00_canonical:first_spike_latency;P00_canonical:spike_count;P02_weak_step:steady_state_voltage;P03_rheobase:rheobase;P04_step_2x:ahp_depth;P04_step_2x:first_spike_latency;P04_step_2x:last_isi;P04_step_2x:spike_count;P05_long_step:ahp_depth;P05_long_step:first_spike_latency;P05_long_step:last_isi;P05_long_step:spike_count;P06_ramp:first_spike_latency,gating_voltage_dependence,mild,unrecorded,0,True,True,True,True,True,P00_canonical:spike_timing;P02_weak_step:spike_count;P02_weak_step:trace_rmse;P04_step_2x:spike_timing;P05_long_step:spike_count;P06_ramp:spike_count;P06_ramp:trace_rmse;P07_hyperpolarizing_step:spike_count;P07_hyperpolarizing_step:trace_rmse;P08_rebound:spike_count;P08_rebound:trace_rmse;P09_short_pulse:spike_count;P09_short_pulse:trace_rmse,,"atomic and compound kinetics results are reported separately, never pooled"
neuron_model_behavioral_validation,Neuraxis,development_pilot,PILOT2_PROTOCOL,Exploratory development data; second development iteration informed by Pilot 1; not independent confirmation; never pooled with the confirmatory held-out estimate,m-shift_gate_midpoint-f6ccf19d87,migliore2014_mt_soma,other_model,primary_semantic,mutant,kinetics,shift_gate_midpoint,"{""changes"": [{""attribute"": ""midpoint"", ""locator"": ""/neuroml[@id='kamt']/ionChannel[@id='kamt']/gate[@id='m']/forwardRate[1]"", ""new"": ""-50mV"", ""old"": ""-45mV""}, {""attribute"": ""midpoint"", ""locator"": ""/neuroml[@id='kamt']/ionChannel[@id='kamt']/gate[@id='m']/reverseRate[1]"", ""new"": ""-50mV"", ""old"": ""-45mV""}, {""attribute"": ""midpoint"", ""locator"": ""/neuroml[@id='kamt']/ionChannel[@id='kamt']/gate[@id='m']/steadyState[1]"", ""new"": ""12.5mV"", ""old"": ""17.5mV""}], ""channel"": ""kamt"", ""delta_mV"": -5.0, ""gate"": ""m"", ""generator_seed"": 20260917, ""mechanism"": ""rates_and_steady_state""}",5_non_equivalent,5_non_equivalent,P00_canonical;P02_weak_step;P03_rheobase;P04_step_2x;P05_long_step;P06_ramp;P09_short_pulse,P00_canonical:ahp_depth;P00_canonical:first_spike_latency;P02_weak_step:steady_state_voltage;P03_rheobase:rheobase;P04_step_2x:ahp_depth;P04_step_2x:first_spike_latency;P04_step_2x:last_isi;P04_step_2x:spike_count;P05_long_step:adaptation_index;P05_long_step:ahp_depth;P05_long_step:first_spike_latency;P05_long_step:last_isi;P05_long_step:spike_count;P06_ramp:first_spike_latency;P06_ramp:spike_count;P09_short_pulse:first_spike_latency,gating_voltage_dependence,mild,unrecorded,0,True,True,True,True,True,P00_canonical:spike_timing;P00_canonical:trace_rmse;P02_weak_step:trace_rmse;P04_step_2x:spike_count;P04_step_2x:trace_rmse;P05_long_step:spike_count;P05_long_step:trace_rmse;P06_ramp:spike_count;P06_ramp:trace_rmse;P07_hyperpolarizing_step:trace_rmse;P08_rebound:trace_rmse;P09_short_pulse:spike_timing;P09_short_pulse:trace_rmse,,"atomic and compound kinetics results are reported separately, never pooled"
neuron_model_behavioral_validation,Neuraxis,development_pilot,PILOT2_PROTOCOL,Exploratory development data; second development iteration informed by Pilot 1; not independent confirmation; never pooled with the confirmatory held-out estimate,m-shift_gate_midpoint-c36e1e57f0,migliore2014_mt_soma,other_model,primary_semantic,mutant,kinetics,shift_gate_midpoint,"{""changes"": [{""attribute"": ""midpoint"", ""locator"": ""/neuroml[@id='kamt']/ionChannel[@id='kamt']/gate[@id='h']/forwardRate[1]"", ""new"": ""-60mV"", ""old"": ""-70mV""}, {""attribute"": ""midpoint"", ""locator"": ""/neuroml[@id='kamt']/ionChannel[@id='kamt']/gate[@id='h']/reverseRate[1]"", ""new"": ""-60mV"", ""old"": ""-70mV""}, {""attribute"": ""midpoint"", ""locator"": ""/neuroml[@id='kamt']/ionChannel[@id='kamt']/gate[@id='h']/steadyState[1]"", ""new"": ""-31.7mV"", ""old"": ""-41.7mV""}], ""channel"": ""kamt"", ""delta_mV"": 10.0, ""gate"": ""h"", ""generator_seed"": 20260917, ""mechanism"": ""rates_and_steady_state""}",6_silent_under_canonical,6_silent_under_canonical,P05_long_step;P06_ramp,P05_long_step:last_isi;P05_long_step:spike_count;P06_ramp:first_spike_latency;P06_ramp:spike_count,gating_voltage_dependence,strong,unrecorded,0,True,False,False,True,True,P04_step_2x:spike_timing;P04_step_2x:trace_rmse;P05_long_step:spike_count;P05_long_step:trace_rmse;P06_ramp:spike_count;P06_ramp:trace_rmse,,"atomic and compound kinetics results are reported separately, never pooled"
neuron_model_behavioral_validation,Neuraxis,development_pilot,PILOT2_PROTOCOL,Exploratory development data; second development iteration informed by Pilot 1; not independent confirmation; never pooled with the confirmatory held-out estimate,m-scale_gate_slope-15951a0f18,migliore2014_mt_soma,other_model,primary_semantic,mutant,kinetics,scale_gate_slope,"{""changes"": [{""attribute"": ""scale"", ""locator"": ""/neuroml[@id='kamt']/ionChannel[@id='kamt']/gate[@id='m']/forwardRate[1]"", ""new"": ""8mV"", ""old"": ""10mV""}, {""attribute"": ""scale"", ""locator"": ""/neuroml[@id='kamt']/ionChannel[@id='kamt']/gate[@id='m']/reverseRate[1]"", ""new"": ""10.666666664mV"", ""old"": ""13.33333333mV""}, {""attribute"": ""scale"", ""locator"": ""/neuroml[@id='kamt']/ionChannel[@id='kamt']/gate[@id='m']/steadyState[1]"", ""new"": ""11.2mV"", ""old"": ""14mV""}], ""channel"": ""kamt"", ""factor"": 0.8, ""gate"": ""m"", ""generator_seed"": 20260917, ""mechanism"": ""rates_and_steady_state""}",5_non_equivalent,5_non_equivalent,P00_canonical;P02_weak_step;P03_rheobase;P04_step_2x;P05_long_step;P06_ramp;P09_short_pulse,P00_canonical:ahp_depth;P00_canonical:first_spike_latency;P02_weak_step:steady_state_voltage;P03_rheobase:rheobase;P04_step_2x:ahp_depth;P04_step_2x:first_spike_latency;P04_step_2x:last_isi;P04_step_2x:spike_count;P05_long_step:ahp_depth;P05_long_step:first_spike_latency;P05_long_step:last_isi;P05_long_step:spike_count;P06_ramp:first_spike_latency;P06_ramp:spike_count;P09_short_pulse:ahp_depth;P09_short_pulse:first_spike_latency,gating_voltage_dependence,mild,unrecorded,0,True,True,True,True,True,P00_canonical:spike_count;P00_canonical:trace_rmse;P02_weak_step:trace_rmse;P04_step_2x:spike_count;P04_step_2x:trace_rmse;P05_long_step:spike_count;P05_long_step:trace_rmse;P06_ramp:spike_count;P06_ramp:trace_rmse;P07_hyperpolarizing_step:trace_rmse;P08_rebound:trace_rmse;P09_short_pulse:spike_timing;P09_short_pulse:trace_rmse,,"atomic and compound kinetics results are reported separately, never pooled"
neuron_model_behavioral_validation,Neuraxis,development_pilot,PILOT2_PROTOCOL,Exploratory development data; second development iteration informed by Pilot 1; not independent confirmation; never pooled with the confirmatory held-out estimate,m-shift_gate_midpoint-cdbd253d57,nml2_hh_example,other_model,primary_semantic,mutant,kinetics,shift_gate_midpoint,"{""changes"": [{""attribute"": ""midpoint"", ""locator"": ""/neuroml[@id='NML2_SingleCompHHCell']/ionChannelHH[@id='naChan']/gateHHrates[@id='m']/forwardRate[1]"", ""new"": ""-35mV"", ""old"": ""-40mV""}, {""attribute"": ""midpoint"", ""locator"": ""/neuroml[@id='NML2_SingleCompHHCell']/ionChannelHH[@id='naChan']/gateHHrates[@id='m']/reverseRate[1]"", ""new"": ""-60mV"", ""old"": ""-65mV""}], ""channel"": ""naChan"", ""delta_mV"": 5.0, ""gate"": ""m"", ""generator_seed"": 20260917, ""mechanism"": ""rates""}",5_non_equivalent,5_non_equivalent,P00_canonical;P02_weak_step;P03_rheobase;P04_step_2x;P05_long_step;P07_hyperpolarizing_step;P08_rebound;P09_short_pulse,P00_canonical:adaptation_index;P00_canonical:ahp_depth;P00_canonical:ap_amplitude;P00_canonical:first_spike_latency;P00_canonical:last_isi;P00_canonical:spike_count;P02_weak_step:steady_state_voltage;P03_rheobase:rheobase;P04_step_2x:ahp_depth;P04_step_2x:ap_amplitude;P04_step_2x:first_spike_latency;P04_step_2x:spike_count;P05_long_step:ahp_depth;P05_long_step:ap_amplitude;P05_long_step:first_spike_latency;P05_long_step:spike_count;P07_hyperpolarizing_step:steady_state_voltage;P08_rebound:first_spike_latency;P08_rebound:spike_count;P09_short_pulse:ahp_depth,gating_voltage_dependence,mild,unrecorded,0,True,True,True,True,True,P00_canonical:spike_count;P02_weak_step:trace_rmse;P04_step_2x:spike_count;P04_step_2x:trace_rmse;P05_long_step:spike_count;P05_long_step:trace_rmse;P06_ramp:trace_rmse;P07_hyperpolarizing_step:trace_rmse;P08_rebound:spike_count;P08_rebound:trace_rmse;P09_short_pulse:trace_rmse,,"atomic and compound kinetics results are reported separately, never pooled"
neuron_model_behavioral_validation,Neuraxis,development_pilot,PILOT2_PROTOCOL,Exploratory development data; second development iteration informed by Pilot 1; not independent confirmation; never pooled with the confirmatory held-out estimate,m-shift_gate_midpoint-6ea0967285,nml2_hh_example,other_model,primary_semantic,mutant,kinetics,shift_gate_midpoint,"{""changes"": [{""attribute"": ""midpoint"", ""locator"": ""/neuroml[@id='NML2_SingleCompHHCell']/ionChannelHH[@id='kChan']/gateHHrates[@id='n']/forwardRate[1]"", ""new"": ""-45mV"", ""old"": ""-55mV""}, {""attribute"": ""midpoint"", ""locator"": ""/neuroml[@id='NML2_SingleCompHHCell']/ionChannelHH[@id='kChan']/gateHHrates[@id='n']/reverseRate[1]"", ""new"": ""-55mV"", ""old"": ""-65mV""}], ""channel"": ""kChan"", ""delta_mV"": 10.0, ""gate"": ""n"", ""generator_seed"": 20260917, ""mechanism"": ""rates""}",5_non_equivalent,5_non_equivalent,P00_canonical;P02_weak_step;P03_rheobase;P04_step_2x;P05_long_step;P06_ramp;P07_hyperpolarizing_step;P08_rebound;P09_short_pulse,P00_canonical:ahp_depth;P00_canonical:ap_amplitude;P00_canonical:last_isi;P00_canonical:spike_count;P02_weak_step:spike_count;P02_weak_step:steady_state_voltage;P03_rheobase:rheobase;P04_step_2x:adaptation_index;P04_step_2x:ahp_depth;P04_step_2x:ap_amplitude;P04_step_2x:first_spike_latency;P04_step_2x:last_isi;P04_step_2x:spike_count;P05_long_step:adaptation_index;P05_long_step:ahp_depth;P05_long_step:ap_amplitude;P05_long_step:first_spike_latency;P05_long_step:last_isi;P05_long_step:spike_count;P06_ramp:first_spike_latency;P06_ramp:spike_count;P07_hyperpolarizing_step:spike_count;P07_hyperpolarizing_step:steady_state_voltage;P08_rebound:first_spike_latency;P08_rebound:spike_count;P09_short_pulse:ahp_depth;P09_short_pulse:ap_amplitude;P09_short_pulse:first_spike_latency;P09_short_pulse:spike_count,gating_voltage_dependence,strong,unrecorded,0,True,True,True,True,True,P00_canonical:spike_count;P00_canonical:trace_rmse;P02_weak_step:spike_count;P02_weak_step:trace_rmse;P04_step_2x:spike_count;P04_step_2x:trace_rmse;P05_long_step:spike_count;P05_long_step:trace_rmse;P06_ramp:spike_count;P06_ramp:trace_rmse;P07_hyperpolarizing_step:spike_count;P07_hyperpolarizing_step:trace_rmse;P08_rebound:spike_count;P08_rebound:trace_rmse;P09_short_pulse:spike_count;P09_short_pulse:trace_rmse,,"atomic and compound kinetics results are reported separately, never pooled"
neuron_model_behavioral_validation,Neuraxis,development_pilot,PILOT2_PROTOCOL,Exploratory development data; second development iteration informed by Pilot 1; not independent confirmation; never pooled with the confirmatory held-out estimate,m-scale_gate_slope-6f355edc68,nml2_hh_example,other_model,primary_semantic,mutant,kinetics,scale_gate_slope,"{""changes"": [{""attribute"": ""scale"", ""locator"": ""/neuroml[@id='NML2_SingleCompHHCell']/ionChannelHH[@id='naChan']/gateHHrates[@id='m']/forwardRate[1]"", ""new"": ""12.5mV"", ""old"": ""10mV""}, {""attribute"": ""scale"", ""locator"": ""/neuroml[@id='NML2_SingleCompHHCell']/ionChannelHH[@id='naChan']/gateHHrates[@id='m']/reverseRate[1]"", ""new"": ""-22.5mV"", ""old"": ""-18mV""}], ""channel"": ""naChan"", ""factor"": 1.25, ""gate"": ""m"", ""generator_seed"": 20260917, ""mechanism"": ""rates""}",5_non_equivalent,5_non_equivalent,P00_canonical;P02_weak_step;P03_rheobase;P04_step_2x;P05_long_step;P06_ramp;P07_hyperpolarizing_step;P08_rebound;P09_short_pulse,P00_canonical:ahp_depth;P00_canonical:ap_amplitude;P00_canonical:first_spike_latency;P00_canonical:last_isi;P00_canonical:spike_count;P02_weak_step:spike_count;P02_weak_step:steady_state_voltage;P03_rheobase:rheobase;P04_step_2x:adaptation_index;P04_step_2x:ahp_depth;P04_step_2x:last_isi;P04_step_2x:spike_count;P05_long_step:adaptation_index;P05_long_step:ahp_depth;P05_long_step:last_isi;P05_long_step:spike_count;P06_ramp:first_spike_latency;P06_ramp:spike_count;P07_hyperpolarizing_step:steady_state_voltage;P08_rebound:first_spike_latency;P08_rebound:spike_count;P09_short_pulse:ahp_depth;P09_short_pulse:spike_count,gating_voltage_dependence,mild,unrecorded,0,True,True,True,True,True,P00_canonical:spike_count;P00_canonical:trace_rmse;P02_weak_step:spike_count;P02_weak_step:trace_rmse;P04_step_2x:spike_count;P04_step_2x:trace_rmse;P05_long_step:spike_count;P05_long_step:trace_rmse;P06_ramp:spike_count;P06_ramp:trace_rmse;P07_hyperpolarizing_step:spike_count;P07_hyperpolarizing_step:trace_rmse;P08_rebound:spike_count;P08_rebound:trace_rmse;P09_short_pulse:spike_count;P09_short_pulse:trace_rmse,,"atomic and compound kinetics results are reported separately, never pooled"
neuron_model_behavioral_validation,Neuraxis,development_pilot,PILOT2_PROTOCOL,Exploratory development data; second development iteration informed by Pilot 1; not independent confirmation; never pooled with the confirmatory held-out estimate,m-shift_forward_rate_midpoint-c7610b4176,nml2_hh_example,other_model,primary_semantic,mutant,kinetics,shift_forward_rate_midpoint,"{""changes"": [{""attribute"": ""midpoint"", ""locator"": ""/neuroml[@id='NML2_SingleCompHHCell']/ionChannelHH[@id='naChan']/gateHHrates[@id='h']/forwardRate[1]"", ""new"": ""-70mV"", ""old"": ""-65mV""}], ""channel"": ""naChan"", ""delta_mV"": -5.0, ""gate"": ""h"", ""generator_seed"": 20260917, ""mechanism"": ""forward_rate""}",5_non_equivalent,5_non_equivalent,P00_canonical;P03_rheobase;P04_step_2x;P05_long_step,P00_canonical:adaptation_index;P00_canonical:ap_amplitude;P00_canonical:last_isi;P00_canonical:spike_count;P03_rheobase:rheobase;P04_step_2x:ap_amplitude;P05_long_step:ap_amplitude;P05_long_step:first_spike_latency,gating_voltage_dependence,mild,unrecorded,0,True,True,True,True,True,P00_canonical:spike_count;P04_step_2x:trace_rmse;P05_long_step:spike_timing;P05_long_step:trace_rmse;P08_rebound:trace_rmse,,"atomic and compound kinetics results are reported separately, never pooled"
neuron_model_behavioral_validation,Neuraxis,development_pilot,PILOT2_PROTOCOL,Exploratory development data; second development iteration informed by Pilot 1; not independent confirmation; never pooled with the confirmatory held-out estimate,m-shift_channel_vshift-8dac96bdae,osb_hh2_477127614,other_model,primary_semantic,mutant,kinetics,shift_channel_vshift,"{""changes"": [{""attribute"": ""vShift"", ""locator"": ""/neuroml[@id='HH2_477127614']/cell[@id='HH2_477127614']/biophysicalProperties[@id='biophys']/membraneProperties[1]/channelDensityVShift[@id='Na_all']"", ""new"": ""-3.20080138951 mV"", ""old"": ""1.79919861049 mV""}], ""channel"": ""Na"", ""delta_mV"": -5.0, ""element_id"": ""Na_all"", ""generator_seed"": 20260917}",5_non_equivalent,5_non_equivalent,P00_canonical;P03_rheobase;P04_step_2x;P05_long_step;P06_ramp,P00_canonical:ap_amplitude;P00_canonical:first_spike_latency;P00_canonical:last_isi;P00_canonical:spike_count;P03_rheobase:rheobase;P04_step_2x:ap_amplitude;P04_step_2x:first_spike_latency;P04_step_2x:last_isi;P04_step_2x:spike_count;P05_long_step:ap_amplitude;P05_long_step:first_spike_latency;P05_long_step:last_isi;P05_long_step:spike_count;P06_ramp:first_spike_latency;P06_ramp:spike_count,gating_voltage_dependence,mild,unrecorded,0,True,True,False,True,True,P04_step_2x:spike_count;P06_ramp:spike_count,,"atomic and compound kinetics results are reported separately, never pooled"
