study_id,project_name,study_phase,protocol_version,designation,variant_id,model_id,kind,family,stratum,interpretation,analysis_family,severity,level_A_basic_pass,level_B_canonical_feature,level_C_canonical_trace,level_D_multi_protocol,level_E_full_battery,level_feature_level_canonical_survivor,level_full_trace_canonical_survivor,survivor_confirmed_h4,full_trace_survivor_confirmed_h4,trace_reproducible,secondary_reproducible,operator,params,class,admissible,structural_valid,libneuroml_strict,status_h,n_detections_h,n_detections_h2,canonical_detected_h,canonical_detected_reproducible,detecting_protocols,canonical_runs_but_battery_failed,runtime_s
neuron_model_behavioral_validation,Neuraxis,development_pilot,PILOT2_PROTOCOL_REHEARSAL,Infrastructure rehearsal of the analysis pipeline on a Pilot 1 model; not study data; never reported as a result and never pooled with anything,m-scale_conductance-a5d53b94c4,pospischil2008_rs,mutant,biophysical,primary_semantic,5_non_equivalent,maximal_conductance,mild,True,True,True,False,True,False,False,,,P00_canonical:spike_timing,,scale_conductance,"{""changes"": [{""attribute"": ""condDensity"", ""locator"": ""/neuroml[@id='RS']/cell[@id='RS']/biophysicalProperties[@id='biophys']/membraneProperties[1]/channelDensityVShift[@id='Na_all']"", ""new"": ""55.0 mS_per_cm2"", ""old"": ""50.0 mS_per_cm2""}], ""element"": ""channelDensityVShift"", ""element_id"": ""Na_all"", ""factor"": 1.1, ""generator_seed"": 20260917}",5_non_equivalent,True,True,True,ok,1,1,True,True,P00_canonical,False,1165.512
neuron_model_behavioral_validation,Neuraxis,development_pilot,PILOT2_PROTOCOL_REHEARSAL,Infrastructure rehearsal of the analysis pipeline on a Pilot 1 model; not study data; never reported as a result and never pooled with anything,m-scale_conductance-fb5b76f07d,pospischil2008_rs,mutant,biophysical,primary_semantic,5_non_equivalent,maximal_conductance,strong,True,True,True,True,True,False,False,,,P00_canonical:spike_count;P04_step_2x:spike_count;P07_hyperpolarizing_step:trace_rmse,P00_canonical:ap_half_width;P00_canonical:firing_regime;P00_canonical:first_isi;P00_canonical:mean_frequency;P04_step_2x:ap_half_width;P04_step_2x:burst_count;P04_step_2x:firing_regime;P04_step_2x:first_isi;P04_step_2x:mean_frequency;P07_hyperpolarizing_step:minimum_voltage;P07_hyperpolarizing_step:voltage_deflection,scale_conductance,"{""changes"": [{""attribute"": ""condDensity"", ""locator"": ""/neuroml[@id='RS']/cell[@id='RS']/biophysicalProperties[@id='biophys']/membraneProperties[1]/channelDensity[@id='LeakConductance_all']"", ""new"": ""0.2 mS_per_cm2"", ""old"": ""0.1 mS_per_cm2""}], ""element"": ""channelDensity"", ""element_id"": ""LeakConductance_all"", ""factor"": 2.0, ""generator_seed"": 20260917}",5_non_equivalent,True,True,True,ok,14,14,True,True,P00_canonical;P03_rheobase;P04_step_2x;P07_hyperpolarizing_step,False,1159.893
neuron_model_behavioral_validation,Neuraxis,development_pilot,PILOT2_PROTOCOL_REHEARSAL,Infrastructure rehearsal of the analysis pipeline on a Pilot 1 model; not study data; never reported as a result and never pooled with anything,m-shift_reversal-80b6724096,pospischil2008_rs,mutant,biophysical,primary_semantic,5_non_equivalent,reversal_potential,mild,True,True,True,False,True,False,False,,,P00_canonical:spike_timing,,shift_reversal,"{""changes"": [{""attribute"": ""erev"", ""locator"": ""/neuroml[@id='RS']/cell[@id='RS']/biophysicalProperties[@id='biophys']/membraneProperties[1]/channelDensity[@id='Kd_all']"", ""new"": ""-98.0 mV"", ""old"": ""-100.0 mV""}], ""element"": ""channelDensity"", ""element_id"": ""Kd_all"", ""generator_seed"": 20260917, ""shift_mV"": 2.0}",5_non_equivalent,True,True,True,ok,2,2,True,True,P00_canonical,False,1163.278
neuron_model_behavioral_validation,Neuraxis,development_pilot,PILOT2_PROTOCOL_REHEARSAL,Infrastructure rehearsal of the analysis pipeline on a Pilot 1 model; not study data; never reported as a result and never pooled with anything,m-shift_reversal-93e4e5a5cc,pospischil2008_rs,mutant,biophysical,primary_semantic,5_non_equivalent,reversal_potential,strong,True,True,True,True,True,False,False,,,P00_canonical:spike_count;P04_step_2x:spike_count,P00_canonical:first_isi;P00_canonical:mean_frequency;P04_step_2x:first_isi;P04_step_2x:mean_frequency,shift_reversal,"{""changes"": [{""attribute"": ""erev"", ""locator"": ""/neuroml[@id='RS']/cell[@id='RS']/biophysicalProperties[@id='biophys']/membraneProperties[1]/channelDensityVShift[@id='Na_all']"", ""new"": ""40.0 mV"", ""old"": ""50.0 mV""}], ""element"": ""channelDensityVShift"", ""element_id"": ""Na_all"", ""generator_seed"": 20260917, ""shift_mV"": -10.0}",5_non_equivalent,True,True,True,ok,10,10,True,True,P00_canonical;P04_step_2x,False,1192.137
neuron_model_behavioral_validation,Neuraxis,development_pilot,PILOT2_PROTOCOL_REHEARSAL,Infrastructure rehearsal of the analysis pipeline on a Pilot 1 model; not study data; never reported as a result and never pooled with anything,m-scale_capacitance-4f76868f28,pospischil2008_rs,mutant,biophysical,primary_semantic,5_non_equivalent,passive_membrane,mild,True,True,True,True,True,False,False,,,P00_canonical:spike_timing;P00_canonical:trace_rmse;P04_step_2x:spike_count,P00_canonical:first_isi;P00_canonical:mean_frequency;P04_step_2x:first_isi;P04_step_2x:mean_frequency,scale_capacitance,"{""changes"": [{""attribute"": ""value"", ""locator"": ""/neuroml[@id='RS']/cell[@id='RS']/biophysicalProperties[@id='biophys']/membraneProperties[1]/specificCapacitance[1]"", ""new"": ""0.8 uF_per_cm2"", ""old"": ""1.0 uF_per_cm2""}], ""element"": ""specificCapacitance"", ""element_id"": null, ""factor"": 0.8, ""generator_seed"": 20260917}",5_non_equivalent,True,True,True,ok,8,8,True,True,P00_canonical;P04_step_2x,False,1158.162
neuron_model_behavioral_validation,Neuraxis,development_pilot,PILOT2_PROTOCOL_REHEARSAL,Infrastructure rehearsal of the analysis pipeline on a Pilot 1 model; not study data; never reported as a result and never pooled with anything,m-scale_capacitance-ed0bebd0d7,pospischil2008_rs,mutant,biophysical,primary_semantic,5_non_equivalent,passive_membrane,strong,True,True,True,True,True,False,False,,,P00_canonical:spike_count;P04_step_2x:spike_count;P07_hyperpolarizing_step:trace_rmse,P00_canonical:first_isi;P04_step_2x:first_isi;P04_step_2x:mean_frequency,scale_capacitance,"{""changes"": [{""attribute"": ""value"", ""locator"": ""/neuroml[@id='RS']/cell[@id='RS']/biophysicalProperties[@id='biophys']/membraneProperties[1]/specificCapacitance[1]"", ""new"": ""0.5 uF_per_cm2"", ""old"": ""1.0 uF_per_cm2""}], ""element"": ""specificCapacitance"", ""element_id"": null, ""factor"": 0.5, ""generator_seed"": 20260917}",5_non_equivalent,True,True,True,ok,10,10,True,True,P00_canonical;P04_step_2x,False,1177.658
neuron_model_behavioral_validation,Neuraxis,development_pilot,PILOT2_PROTOCOL_REHEARSAL,Infrastructure rehearsal of the analysis pipeline on a Pilot 1 model; not study data; never reported as a result and never pooled with anything,m-scale_gate_time_constant-539d21838f,pospischil2008_rs,mutant,biophysical,primary_semantic,5_non_equivalent,gating_time_constant,mild,True,True,True,True,True,False,False,,,P00_canonical:spike_timing;P04_step_2x:spike_count,P00_canonical:ap_half_width;P00_canonical:first_isi;P00_canonical:mean_frequency;P04_step_2x:ap_half_width;P04_step_2x:first_isi;P04_step_2x:mean_frequency,scale_gate_time_constant,"{""channel"": ""Kd"", ""factor"": 0.8, ""gate"": ""n"", ""generator_seed"": 20260917, ""mechanism"": ""q10_insert""}",5_non_equivalent,True,True,True,ok,5,5,True,True,P00_canonical;P04_step_2x,False,1197.942
neuron_model_behavioral_validation,Neuraxis,development_pilot,PILOT2_PROTOCOL_REHEARSAL,Infrastructure rehearsal of the analysis pipeline on a Pilot 1 model; not study data; never reported as a result and never pooled with anything,m-scale_gate_time_constant-99809ff67e,pospischil2008_rs,mutant,biophysical,primary_semantic,5_non_equivalent,gating_time_constant,strong,True,True,True,True,True,False,False,,,P00_canonical:spike_count;P04_step_2x:spike_count,P00_canonical:ap_half_width;P00_canonical:first_isi;P00_canonical:mean_frequency;P04_step_2x:ap_half_width;P04_step_2x:first_isi;P04_step_2x:mean_frequency,scale_gate_time_constant,"{""channel"": ""Na"", ""factor"": 2.0, ""gate"": ""h"", ""generator_seed"": 20260917, ""mechanism"": ""q10_insert""}",5_non_equivalent,True,True,True,ok,9,9,True,True,P00_canonical;P04_step_2x,False,1175.499
neuron_model_behavioral_validation,Neuraxis,development_pilot,PILOT2_PROTOCOL_REHEARSAL,Infrastructure rehearsal of the analysis pipeline on a Pilot 1 model; not study data; never reported as a result and never pooled with anything,pospischil2008_rs__unit_conversion__000,pospischil2008_rs,valid_transform,unit_conversion,control,no_detection,control,not_applicable,True,False,False,False,False,False,False,,,,,unit_conversion,"{""attribute"": ""condDensity"", ""file"": ""NeuroML2/cells/RS/RS.cell.nml"", ""generator_seed"": 20260917, ""locator"": ""/neuroml/cell[@id='RS']/biophysicalProperties[@id='biophys']/membraneProperties[1]/channelDensity[@id='LeakConductance_all']"", ""n_sites"": 39, ""new"": ""0.0001 S_per_cm2"", ""old"": ""0.1 mS_per_cm2"", ""site_index"": 1, ""to_unit"": ""S_per_cm2"", ""xsd_type"": ""Nml2Quantity_conductanceDensity""}",4_equivalent_within_tested_domain,False,True,True,ok,0,,False,False,,False,428.677
neuron_model_behavioral_validation,Neuraxis,development_pilot,PILOT2_PROTOCOL_REHEARSAL,Infrastructure rehearsal of the analysis pipeline on a Pilot 1 model; not study data; never reported as a result and never pooled with anything,pospischil2008_rs__xml_formatting__000,pospischil2008_rs,no_change_control,formatting,control,no_detection,control,not_applicable,True,False,False,False,False,False,False,,,,,xml_formatting,"{""file"": ""NeuroML2/channels/IM/IM.channel.nml"", ""generator_seed"": 20260917, ""locator"": ""/neuroml"", ""n_sites"": 14, ""site_index"": 7, ""style"": ""attribute_order""}",4_equivalent_within_tested_domain,False,True,True,ok,0,,False,False,,False,456.788
neuron_model_behavioral_validation,Neuraxis,development_pilot,PILOT2_PROTOCOL_REHEARSAL,Infrastructure rehearsal of the analysis pipeline on a Pilot 1 model; not study data; never reported as a result and never pooled with anything,pospischil2008_rs__add_comments__000,pospischil2008_rs,no_change_control,formatting,control,no_detection,control,not_applicable,True,False,False,False,False,False,False,,,,,add_comments,"{""file"": ""NeuroML2/cells/RS/RS.cell.nml"", ""generator_seed"": 20260917, ""locator"": ""/neuroml"", ""n_sites"": 21, ""position"": ""before_each_child"", ""site_index"": 4}",4_equivalent_within_tested_domain,False,True,True,ok,0,,False,False,,False,440.73
neuron_model_behavioral_validation,Neuraxis,development_pilot,PILOT2_PROTOCOL_REHEARSAL,Infrastructure rehearsal of the analysis pipeline on a Pilot 1 model; not study data; never reported as a result and never pooled with anything,pospischil2008_rs__numeric_literal_format__000,pospischil2008_rs,valid_transform,literal_format,control,no_detection,control,not_applicable,True,False,False,False,False,False,False,,,,,numeric_literal_format,"{""attribute"": ""condDensity"", ""file"": ""NeuroML2/cells/RS/RS.cell.nml"", ""generator_seed"": 20260917, ""locator"": ""/neuroml/cell[@id='RS']/biophysicalProperties[@id='biophys']/membraneProperties[1]/channelDensityVShift[@id='Na_all']"", ""n_sites"": 126, ""new"": ""5e1 mS_per_cm2"", ""old"": ""50.0 mS_per_cm2"", ""site_index"": 38, ""style"": ""scientific"", ""xsd_type"": ""Nml2Quantity_conductanceDensity""}",4_equivalent_within_tested_domain,False,True,True,ok,0,,False,False,,False,457.2
neuron_model_behavioral_validation,Neuraxis,development_pilot,PILOT2_PROTOCOL_REHEARSAL,Infrastructure rehearsal of the analysis pipeline on a Pilot 1 model; not study data; never reported as a result and never pooled with anything,pospischil2008_rs__rename_identifier__000,pospischil2008_rs,valid_transform,renaming,control,no_detection,control,not_applicable,True,False,False,False,False,False,False,,,,,rename_identifier,"{""file"": ""NeuroML2/cells/RS/RS.cell.nml"", ""generator_seed"": 20260917, ""kind"": ""morphology"", ""locator"": ""/neuroml/cell[@id='RS']/morphology[@id='morphology_RS']"", ""n_sites"": 20, ""new"": ""morphology_RS_renamed"", ""old"": ""morphology_RS"", ""site_index"": 1}",4_equivalent_within_tested_domain,False,True,True,ok,0,,False,False,,False,438.576
neuron_model_behavioral_validation,Neuraxis,development_pilot,PILOT2_PROTOCOL_REHEARSAL,Infrastructure rehearsal of the analysis pipeline on a Pilot 1 model; not study data; never reported as a result and never pooled with anything,pospischil2008_rs__factor_file__000,pospischil2008_rs,valid_transform,factoring,control,no_detection,control,not_applicable,True,False,False,False,False,False,False,,,,,factor_file,"{""element"": ""ComponentType"", ""file"": ""NeuroML2/channels/Na/Na.channel.nml"", ""generator_seed"": 20260917, ""ident"": ""Na_h_beta_rate"", ""locator"": ""/neuroml/ComponentType[@name='Na_h_beta_rate']"", ""n_sites"": 11, ""new_file"": ""NeuroML2/channels/Na/Na_h_beta_rate.factored.nml"", ""site_index"": 10}",4_equivalent_within_tested_domain,False,True,True,ok,0,,False,False,,False,441.151
neuron_model_behavioral_validation,Neuraxis,development_pilot,PILOT2_PROTOCOL_REHEARSAL,Infrastructure rehearsal of the analysis pipeline on a Pilot 1 model; not study data; never reported as a result and never pooled with anything,pospischil2008_rs__reorder_independent__000,pospischil2008_rs,valid_transform,reordering,control,no_detection,control,not_applicable,True,False,False,False,False,False,False,,,,,reorder_independent,"{""count"": 4, ""file"": ""NeuroML2/cells/RS/LEMS_RS.xml"", ""first"": 4, ""generator_seed"": 20260917, ""locator"": ""/Lems"", ""n_sites"": 13, ""permutation"": ""reverse"", ""site_index"": 0, ""tag"": ""Include""}",4_equivalent_within_tested_domain,False,True,True,ok,0,,False,False,,False,412.88
neuron_model_behavioral_validation,Neuraxis,development_pilot,PILOT2_PROTOCOL_REHEARSAL,Infrastructure rehearsal of the analysis pipeline on a Pilot 1 model; not study data; never reported as a result and never pooled with anything,pospischil2008_rs__explicit_default__000,pospischil2008_rs,valid_transform,explicit_default,control,no_detection,control,not_applicable,True,False,False,False,False,False,False,,,,,explicit_default,"{""attribute"": ""segmentGroup"", ""file"": ""NeuroML2/cells/RS/RS.cell.nml"", ""generator_seed"": 20260917, ""locator"": ""/neuroml/cell[@id='RS']/biophysicalProperties[@id='biophys']/membraneProperties[1]/spikeThresh[1]"", ""n_sites"": 8, ""site_index"": 4, ""value"": ""all"", ""xsd_type"": ""SpikeThresh""}",4_equivalent_within_tested_domain,False,True,True,ok,0,,False,False,,False,443.882
