mutant_id,model_id,family,protocol_id,detected
m-scale_conductance-56da844943,pospischil2008_rs,biophysical,P00_canonical,True
m-scale_conductance-56da844943,pospischil2008_rs,biophysical,P01_baseline,False
m-scale_conductance-56da844943,pospischil2008_rs,biophysical,P02_weak_step,False
m-scale_conductance-56da844943,pospischil2008_rs,biophysical,P04_step_2x,True
m-scale_conductance-56da844943,pospischil2008_rs,biophysical,P05_long_step,True
m-scale_conductance-56da844943,pospischil2008_rs,biophysical,P06_ramp,True
m-scale_conductance-56da844943,pospischil2008_rs,biophysical,P07_hyperpolarizing_step,False
m-scale_conductance-56da844943,pospischil2008_rs,biophysical,P08_rebound,False
m-scale_conductance-56da844943,pospischil2008_rs,biophysical,P09_short_pulse,False
m-scale_conductance-56da844943,pospischil2008_rs,biophysical,P10_paired_pulses,False
m-scale_conductance-56da844943,pospischil2008_rs,biophysical,P03_rheobase,True
m-scale_conductance-fa05b19484,pospischil2008_rs,biophysical,P00_canonical,True
m-scale_conductance-fa05b19484,pospischil2008_rs,biophysical,P01_baseline,False
m-scale_conductance-fa05b19484,pospischil2008_rs,biophysical,P02_weak_step,False
m-scale_conductance-fa05b19484,pospischil2008_rs,biophysical,P04_step_2x,False
m-scale_conductance-fa05b19484,pospischil2008_rs,biophysical,P05_long_step,True
m-scale_conductance-fa05b19484,pospischil2008_rs,biophysical,P06_ramp,False
m-scale_conductance-fa05b19484,pospischil2008_rs,biophysical,P07_hyperpolarizing_step,False
m-scale_conductance-fa05b19484,pospischil2008_rs,biophysical,P08_rebound,False
m-scale_conductance-fa05b19484,pospischil2008_rs,biophysical,P09_short_pulse,False
m-scale_conductance-fa05b19484,pospischil2008_rs,biophysical,P10_paired_pulses,False
m-scale_conductance-fa05b19484,pospischil2008_rs,biophysical,P03_rheobase,False
m-shift_reversal-2d2e2ab474,pospischil2008_rs,biophysical,P00_canonical,True
m-shift_reversal-2d2e2ab474,pospischil2008_rs,biophysical,P01_baseline,False
m-shift_reversal-2d2e2ab474,pospischil2008_rs,biophysical,P02_weak_step,False
m-shift_reversal-2d2e2ab474,pospischil2008_rs,biophysical,P04_step_2x,True
m-shift_reversal-2d2e2ab474,pospischil2008_rs,biophysical,P05_long_step,True
m-shift_reversal-2d2e2ab474,pospischil2008_rs,biophysical,P06_ramp,False
m-shift_reversal-2d2e2ab474,pospischil2008_rs,biophysical,P07_hyperpolarizing_step,False
m-shift_reversal-2d2e2ab474,pospischil2008_rs,biophysical,P08_rebound,False
m-shift_reversal-2d2e2ab474,pospischil2008_rs,biophysical,P09_short_pulse,False
m-shift_reversal-2d2e2ab474,pospischil2008_rs,biophysical,P10_paired_pulses,False
m-shift_reversal-2d2e2ab474,pospischil2008_rs,biophysical,P03_rheobase,False
m-shift_reversal-8c42fb9d1f,pospischil2008_rs,biophysical,P00_canonical,True
m-shift_reversal-8c42fb9d1f,pospischil2008_rs,biophysical,P01_baseline,False
m-shift_reversal-8c42fb9d1f,pospischil2008_rs,biophysical,P02_weak_step,False
m-shift_reversal-8c42fb9d1f,pospischil2008_rs,biophysical,P04_step_2x,True
m-shift_reversal-8c42fb9d1f,pospischil2008_rs,biophysical,P05_long_step,True
m-shift_reversal-8c42fb9d1f,pospischil2008_rs,biophysical,P06_ramp,True
m-shift_reversal-8c42fb9d1f,pospischil2008_rs,biophysical,P07_hyperpolarizing_step,False
m-shift_reversal-8c42fb9d1f,pospischil2008_rs,biophysical,P08_rebound,False
m-shift_reversal-8c42fb9d1f,pospischil2008_rs,biophysical,P09_short_pulse,False
m-shift_reversal-8c42fb9d1f,pospischil2008_rs,biophysical,P10_paired_pulses,False
m-shift_reversal-8c42fb9d1f,pospischil2008_rs,biophysical,P03_rheobase,False
m-scale_capacitance-ca8d29abe3,pospischil2008_rs,biophysical,P00_canonical,True
m-scale_capacitance-ca8d29abe3,pospischil2008_rs,biophysical,P01_baseline,False
m-scale_capacitance-ca8d29abe3,pospischil2008_rs,biophysical,P02_weak_step,False
m-scale_capacitance-ca8d29abe3,pospischil2008_rs,biophysical,P04_step_2x,True
m-scale_capacitance-ca8d29abe3,pospischil2008_rs,biophysical,P05_long_step,True
m-scale_capacitance-ca8d29abe3,pospischil2008_rs,biophysical,P06_ramp,True
m-scale_capacitance-ca8d29abe3,pospischil2008_rs,biophysical,P07_hyperpolarizing_step,False
m-scale_capacitance-ca8d29abe3,pospischil2008_rs,biophysical,P08_rebound,False
m-scale_capacitance-ca8d29abe3,pospischil2008_rs,biophysical,P09_short_pulse,False
m-scale_capacitance-ca8d29abe3,pospischil2008_rs,biophysical,P10_paired_pulses,False
m-scale_capacitance-ca8d29abe3,pospischil2008_rs,biophysical,P03_rheobase,False
m-scale_capacitance-a0c243c06e,pospischil2008_rs,biophysical,P00_canonical,True
m-scale_capacitance-a0c243c06e,pospischil2008_rs,biophysical,P01_baseline,False
m-scale_capacitance-a0c243c06e,pospischil2008_rs,biophysical,P02_weak_step,False
m-scale_capacitance-a0c243c06e,pospischil2008_rs,biophysical,P04_step_2x,True
m-scale_capacitance-a0c243c06e,pospischil2008_rs,biophysical,P05_long_step,True
m-scale_capacitance-a0c243c06e,pospischil2008_rs,biophysical,P06_ramp,True
m-scale_capacitance-a0c243c06e,pospischil2008_rs,biophysical,P07_hyperpolarizing_step,False
m-scale_capacitance-a0c243c06e,pospischil2008_rs,biophysical,P08_rebound,False
m-scale_capacitance-a0c243c06e,pospischil2008_rs,biophysical,P09_short_pulse,True
m-scale_capacitance-a0c243c06e,pospischil2008_rs,biophysical,P10_paired_pulses,True
m-scale_capacitance-a0c243c06e,pospischil2008_rs,biophysical,P03_rheobase,True
m-scale_gate_time_constant-d9645f95f6,pospischil2008_rs,biophysical,P00_canonical,True
m-scale_gate_time_constant-d9645f95f6,pospischil2008_rs,biophysical,P01_baseline,False
m-scale_gate_time_constant-d9645f95f6,pospischil2008_rs,biophysical,P02_weak_step,False
m-scale_gate_time_constant-d9645f95f6,pospischil2008_rs,biophysical,P04_step_2x,True
m-scale_gate_time_constant-d9645f95f6,pospischil2008_rs,biophysical,P05_long_step,True
m-scale_gate_time_constant-d9645f95f6,pospischil2008_rs,biophysical,P06_ramp,True
m-scale_gate_time_constant-d9645f95f6,pospischil2008_rs,biophysical,P07_hyperpolarizing_step,False
m-scale_gate_time_constant-d9645f95f6,pospischil2008_rs,biophysical,P08_rebound,False
m-scale_gate_time_constant-d9645f95f6,pospischil2008_rs,biophysical,P09_short_pulse,True
m-scale_gate_time_constant-d9645f95f6,pospischil2008_rs,biophysical,P10_paired_pulses,True
m-scale_gate_time_constant-d9645f95f6,pospischil2008_rs,biophysical,P03_rheobase,False
m-scale_gate_time_constant-244443ee5f,pospischil2008_rs,biophysical,P00_canonical,True
m-scale_gate_time_constant-244443ee5f,pospischil2008_rs,biophysical,P01_baseline,False
m-scale_gate_time_constant-244443ee5f,pospischil2008_rs,biophysical,P02_weak_step,False
m-scale_gate_time_constant-244443ee5f,pospischil2008_rs,biophysical,P04_step_2x,True
m-scale_gate_time_constant-244443ee5f,pospischil2008_rs,biophysical,P05_long_step,True
m-scale_gate_time_constant-244443ee5f,pospischil2008_rs,biophysical,P06_ramp,True
m-scale_gate_time_constant-244443ee5f,pospischil2008_rs,biophysical,P07_hyperpolarizing_step,False
m-scale_gate_time_constant-244443ee5f,pospischil2008_rs,biophysical,P08_rebound,False
m-scale_gate_time_constant-244443ee5f,pospischil2008_rs,biophysical,P09_short_pulse,True
m-scale_gate_time_constant-244443ee5f,pospischil2008_rs,biophysical,P10_paired_pulses,False
m-scale_gate_time_constant-244443ee5f,pospischil2008_rs,biophysical,P03_rheobase,False
m-increase_dt-b7cdfa6b5c,pospischil2008_rs,numerical,P00_canonical,False
m-increase_dt-b7cdfa6b5c,pospischil2008_rs,numerical,P01_baseline,False
m-increase_dt-b7cdfa6b5c,pospischil2008_rs,numerical,P02_weak_step,False
m-increase_dt-b7cdfa6b5c,pospischil2008_rs,numerical,P04_step_2x,True
m-increase_dt-b7cdfa6b5c,pospischil2008_rs,numerical,P05_long_step,True
m-increase_dt-b7cdfa6b5c,pospischil2008_rs,numerical,P06_ramp,False
m-increase_dt-b7cdfa6b5c,pospischil2008_rs,numerical,P07_hyperpolarizing_step,False
m-increase_dt-b7cdfa6b5c,pospischil2008_rs,numerical,P08_rebound,False
m-increase_dt-b7cdfa6b5c,pospischil2008_rs,numerical,P09_short_pulse,False
m-increase_dt-b7cdfa6b5c,pospischil2008_rs,numerical,P10_paired_pulses,False
m-increase_dt-b7cdfa6b5c,pospischil2008_rs,numerical,P03_rheobase,False
m-increase_dt-f3e1491a0a,pospischil2008_rs,numerical,P00_canonical,True
m-increase_dt-f3e1491a0a,pospischil2008_rs,numerical,P01_baseline,False
m-increase_dt-f3e1491a0a,pospischil2008_rs,numerical,P02_weak_step,False
m-increase_dt-f3e1491a0a,pospischil2008_rs,numerical,P04_step_2x,True
m-increase_dt-f3e1491a0a,pospischil2008_rs,numerical,P05_long_step,True
m-increase_dt-f3e1491a0a,pospischil2008_rs,numerical,P06_ramp,True
m-increase_dt-f3e1491a0a,pospischil2008_rs,numerical,P07_hyperpolarizing_step,False
m-increase_dt-f3e1491a0a,pospischil2008_rs,numerical,P08_rebound,False
m-increase_dt-f3e1491a0a,pospischil2008_rs,numerical,P09_short_pulse,True
m-increase_dt-f3e1491a0a,pospischil2008_rs,numerical,P10_paired_pulses,False
m-increase_dt-f3e1491a0a,pospischil2008_rs,numerical,P03_rheobase,False
m-recording_resolution-7d6e4357af,pospischil2008_rs,numerical,P00_canonical,False
m-recording_resolution-7d6e4357af,pospischil2008_rs,numerical,P01_baseline,False
m-recording_resolution-7d6e4357af,pospischil2008_rs,numerical,P02_weak_step,False
m-recording_resolution-7d6e4357af,pospischil2008_rs,numerical,P04_step_2x,False
m-recording_resolution-7d6e4357af,pospischil2008_rs,numerical,P05_long_step,True
m-recording_resolution-7d6e4357af,pospischil2008_rs,numerical,P06_ramp,False
m-recording_resolution-7d6e4357af,pospischil2008_rs,numerical,P07_hyperpolarizing_step,False
m-recording_resolution-7d6e4357af,pospischil2008_rs,numerical,P08_rebound,False
m-recording_resolution-7d6e4357af,pospischil2008_rs,numerical,P09_short_pulse,True
m-recording_resolution-7d6e4357af,pospischil2008_rs,numerical,P10_paired_pulses,False
m-recording_resolution-7d6e4357af,pospischil2008_rs,numerical,P03_rheobase,False
m-duplicate_conductance-c92521ba5f,pospischil2008_rs,reference,P00_canonical,True
m-duplicate_conductance-c92521ba5f,pospischil2008_rs,reference,P01_baseline,False
m-duplicate_conductance-c92521ba5f,pospischil2008_rs,reference,P02_weak_step,False
m-duplicate_conductance-c92521ba5f,pospischil2008_rs,reference,P04_step_2x,True
m-duplicate_conductance-c92521ba5f,pospischil2008_rs,reference,P05_long_step,True
m-duplicate_conductance-c92521ba5f,pospischil2008_rs,reference,P06_ramp,True
m-duplicate_conductance-c92521ba5f,pospischil2008_rs,reference,P07_hyperpolarizing_step,False
m-duplicate_conductance-c92521ba5f,pospischil2008_rs,reference,P08_rebound,False
m-duplicate_conductance-c92521ba5f,pospischil2008_rs,reference,P09_short_pulse,True
m-duplicate_conductance-c92521ba5f,pospischil2008_rs,reference,P10_paired_pulses,False
m-duplicate_conductance-c92521ba5f,pospischil2008_rs,reference,P03_rheobase,False
m-duplicate_conductance-4e2ab48a04,pospischil2008_rs,reference,P00_canonical,True
m-duplicate_conductance-4e2ab48a04,pospischil2008_rs,reference,P01_baseline,True
m-duplicate_conductance-4e2ab48a04,pospischil2008_rs,reference,P02_weak_step,True
m-duplicate_conductance-4e2ab48a04,pospischil2008_rs,reference,P04_step_2x,True
m-duplicate_conductance-4e2ab48a04,pospischil2008_rs,reference,P05_long_step,True
m-duplicate_conductance-4e2ab48a04,pospischil2008_rs,reference,P06_ramp,True
m-duplicate_conductance-4e2ab48a04,pospischil2008_rs,reference,P07_hyperpolarizing_step,True
m-duplicate_conductance-4e2ab48a04,pospischil2008_rs,reference,P08_rebound,False
m-duplicate_conductance-4e2ab48a04,pospischil2008_rs,reference,P09_short_pulse,True
m-duplicate_conductance-4e2ab48a04,pospischil2008_rs,reference,P10_paired_pulses,False
m-duplicate_conductance-4e2ab48a04,pospischil2008_rs,reference,P03_rheobase,True
m-scale_conductance-9b1ec69fe4,pospischil2008_lts,biophysical,P00_canonical,True
m-scale_conductance-9b1ec69fe4,pospischil2008_lts,biophysical,P01_baseline,False
m-scale_conductance-9b1ec69fe4,pospischil2008_lts,biophysical,P02_weak_step,False
m-scale_conductance-9b1ec69fe4,pospischil2008_lts,biophysical,P04_step_2x,False
m-scale_conductance-9b1ec69fe4,pospischil2008_lts,biophysical,P05_long_step,False
m-scale_conductance-9b1ec69fe4,pospischil2008_lts,biophysical,P06_ramp,False
m-scale_conductance-9b1ec69fe4,pospischil2008_lts,biophysical,P07_hyperpolarizing_step,False
m-scale_conductance-9b1ec69fe4,pospischil2008_lts,biophysical,P08_rebound,False
m-scale_conductance-9b1ec69fe4,pospischil2008_lts,biophysical,P09_short_pulse,False
m-scale_conductance-9b1ec69fe4,pospischil2008_lts,biophysical,P10_paired_pulses,False
m-scale_conductance-9b1ec69fe4,pospischil2008_lts,biophysical,P03_rheobase,False
m-scale_conductance-1000aafe3e,pospischil2008_lts,biophysical,P00_canonical,True
m-scale_conductance-1000aafe3e,pospischil2008_lts,biophysical,P01_baseline,False
m-scale_conductance-1000aafe3e,pospischil2008_lts,biophysical,P02_weak_step,True
m-scale_conductance-1000aafe3e,pospischil2008_lts,biophysical,P04_step_2x,True
m-scale_conductance-1000aafe3e,pospischil2008_lts,biophysical,P05_long_step,True
m-scale_conductance-1000aafe3e,pospischil2008_lts,biophysical,P06_ramp,False
m-scale_conductance-1000aafe3e,pospischil2008_lts,biophysical,P07_hyperpolarizing_step,False
m-scale_conductance-1000aafe3e,pospischil2008_lts,biophysical,P08_rebound,False
m-scale_conductance-1000aafe3e,pospischil2008_lts,biophysical,P09_short_pulse,False
m-scale_conductance-1000aafe3e,pospischil2008_lts,biophysical,P10_paired_pulses,False
m-scale_conductance-1000aafe3e,pospischil2008_lts,biophysical,P03_rheobase,True
m-shift_reversal-27f94c8222,pospischil2008_lts,biophysical,P00_canonical,True
m-shift_reversal-27f94c8222,pospischil2008_lts,biophysical,P01_baseline,False
m-shift_reversal-27f94c8222,pospischil2008_lts,biophysical,P02_weak_step,False
m-shift_reversal-27f94c8222,pospischil2008_lts,biophysical,P04_step_2x,True
m-shift_reversal-27f94c8222,pospischil2008_lts,biophysical,P05_long_step,True
m-shift_reversal-27f94c8222,pospischil2008_lts,biophysical,P06_ramp,False
m-shift_reversal-27f94c8222,pospischil2008_lts,biophysical,P07_hyperpolarizing_step,False
m-shift_reversal-27f94c8222,pospischil2008_lts,biophysical,P08_rebound,False
m-shift_reversal-27f94c8222,pospischil2008_lts,biophysical,P09_short_pulse,False
m-shift_reversal-27f94c8222,pospischil2008_lts,biophysical,P10_paired_pulses,False
m-shift_reversal-27f94c8222,pospischil2008_lts,biophysical,P03_rheobase,False
m-shift_reversal-5c87169260,pospischil2008_lts,biophysical,P00_canonical,True
m-shift_reversal-5c87169260,pospischil2008_lts,biophysical,P01_baseline,False
m-shift_reversal-5c87169260,pospischil2008_lts,biophysical,P02_weak_step,False
m-shift_reversal-5c87169260,pospischil2008_lts,biophysical,P04_step_2x,True
m-shift_reversal-5c87169260,pospischil2008_lts,biophysical,P05_long_step,True
m-shift_reversal-5c87169260,pospischil2008_lts,biophysical,P06_ramp,False
m-shift_reversal-5c87169260,pospischil2008_lts,biophysical,P07_hyperpolarizing_step,False
m-shift_reversal-5c87169260,pospischil2008_lts,biophysical,P08_rebound,False
m-shift_reversal-5c87169260,pospischil2008_lts,biophysical,P09_short_pulse,False
m-shift_reversal-5c87169260,pospischil2008_lts,biophysical,P10_paired_pulses,False
m-shift_reversal-5c87169260,pospischil2008_lts,biophysical,P03_rheobase,False
m-scale_capacitance-ee6df9013d,pospischil2008_lts,biophysical,P00_canonical,True
m-scale_capacitance-ee6df9013d,pospischil2008_lts,biophysical,P01_baseline,False
m-scale_capacitance-ee6df9013d,pospischil2008_lts,biophysical,P02_weak_step,False
m-scale_capacitance-ee6df9013d,pospischil2008_lts,biophysical,P04_step_2x,True
m-scale_capacitance-ee6df9013d,pospischil2008_lts,biophysical,P05_long_step,True
m-scale_capacitance-ee6df9013d,pospischil2008_lts,biophysical,P06_ramp,False
m-scale_capacitance-ee6df9013d,pospischil2008_lts,biophysical,P07_hyperpolarizing_step,False
m-scale_capacitance-ee6df9013d,pospischil2008_lts,biophysical,P08_rebound,False
m-scale_capacitance-ee6df9013d,pospischil2008_lts,biophysical,P09_short_pulse,False
m-scale_capacitance-ee6df9013d,pospischil2008_lts,biophysical,P10_paired_pulses,False
m-scale_capacitance-ee6df9013d,pospischil2008_lts,biophysical,P03_rheobase,True
m-scale_capacitance-64ced10e8f,pospischil2008_lts,biophysical,P00_canonical,True
m-scale_capacitance-64ced10e8f,pospischil2008_lts,biophysical,P01_baseline,False
m-scale_capacitance-64ced10e8f,pospischil2008_lts,biophysical,P02_weak_step,True
m-scale_capacitance-64ced10e8f,pospischil2008_lts,biophysical,P04_step_2x,True
m-scale_capacitance-64ced10e8f,pospischil2008_lts,biophysical,P05_long_step,True
m-scale_capacitance-64ced10e8f,pospischil2008_lts,biophysical,P06_ramp,False
m-scale_capacitance-64ced10e8f,pospischil2008_lts,biophysical,P07_hyperpolarizing_step,True
m-scale_capacitance-64ced10e8f,pospischil2008_lts,biophysical,P08_rebound,True
m-scale_capacitance-64ced10e8f,pospischil2008_lts,biophysical,P09_short_pulse,False
m-scale_capacitance-64ced10e8f,pospischil2008_lts,biophysical,P10_paired_pulses,False
m-scale_capacitance-64ced10e8f,pospischil2008_lts,biophysical,P03_rheobase,True
m-scale_gate_time_constant-834b272d00,pospischil2008_lts,biophysical,P00_canonical,True
m-scale_gate_time_constant-834b272d00,pospischil2008_lts,biophysical,P01_baseline,False
m-scale_gate_time_constant-834b272d00,pospischil2008_lts,biophysical,P02_weak_step,False
m-scale_gate_time_constant-834b272d00,pospischil2008_lts,biophysical,P04_step_2x,False
m-scale_gate_time_constant-834b272d00,pospischil2008_lts,biophysical,P05_long_step,False
m-scale_gate_time_constant-834b272d00,pospischil2008_lts,biophysical,P06_ramp,False
m-scale_gate_time_constant-834b272d00,pospischil2008_lts,biophysical,P07_hyperpolarizing_step,False
m-scale_gate_time_constant-834b272d00,pospischil2008_lts,biophysical,P08_rebound,False
m-scale_gate_time_constant-834b272d00,pospischil2008_lts,biophysical,P09_short_pulse,False
m-scale_gate_time_constant-834b272d00,pospischil2008_lts,biophysical,P10_paired_pulses,False
m-scale_gate_time_constant-834b272d00,pospischil2008_lts,biophysical,P03_rheobase,False
m-scale_gate_time_constant-bac677a78d,pospischil2008_lts,biophysical,P00_canonical,True
m-scale_gate_time_constant-bac677a78d,pospischil2008_lts,biophysical,P01_baseline,False
m-scale_gate_time_constant-bac677a78d,pospischil2008_lts,biophysical,P02_weak_step,False
m-scale_gate_time_constant-bac677a78d,pospischil2008_lts,biophysical,P04_step_2x,False
m-scale_gate_time_constant-bac677a78d,pospischil2008_lts,biophysical,P05_long_step,False
m-scale_gate_time_constant-bac677a78d,pospischil2008_lts,biophysical,P06_ramp,False
m-scale_gate_time_constant-bac677a78d,pospischil2008_lts,biophysical,P07_hyperpolarizing_step,False
m-scale_gate_time_constant-bac677a78d,pospischil2008_lts,biophysical,P08_rebound,False
m-scale_gate_time_constant-bac677a78d,pospischil2008_lts,biophysical,P09_short_pulse,False
m-scale_gate_time_constant-bac677a78d,pospischil2008_lts,biophysical,P10_paired_pulses,False
m-scale_gate_time_constant-bac677a78d,pospischil2008_lts,biophysical,P03_rheobase,False
m-shift_initial_voltage-11bd93c6c3,pospischil2008_lts,biophysical,P00_canonical,True
m-shift_initial_voltage-11bd93c6c3,pospischil2008_lts,biophysical,P01_baseline,False
m-shift_initial_voltage-11bd93c6c3,pospischil2008_lts,biophysical,P02_weak_step,False
m-shift_initial_voltage-11bd93c6c3,pospischil2008_lts,biophysical,P04_step_2x,False
m-shift_initial_voltage-11bd93c6c3,pospischil2008_lts,biophysical,P05_long_step,True
m-shift_initial_voltage-11bd93c6c3,pospischil2008_lts,biophysical,P06_ramp,False
m-shift_initial_voltage-11bd93c6c3,pospischil2008_lts,biophysical,P07_hyperpolarizing_step,False
m-shift_initial_voltage-11bd93c6c3,pospischil2008_lts,biophysical,P08_rebound,False
m-shift_initial_voltage-11bd93c6c3,pospischil2008_lts,biophysical,P09_short_pulse,False
m-shift_initial_voltage-11bd93c6c3,pospischil2008_lts,biophysical,P10_paired_pulses,False
m-shift_initial_voltage-11bd93c6c3,pospischil2008_lts,biophysical,P03_rheobase,True
m-increase_dt-12296e231e,pospischil2008_lts,numerical,P00_canonical,False
m-increase_dt-12296e231e,pospischil2008_lts,numerical,P01_baseline,False
m-increase_dt-12296e231e,pospischil2008_lts,numerical,P02_weak_step,False
m-increase_dt-12296e231e,pospischil2008_lts,numerical,P04_step_2x,True
m-increase_dt-12296e231e,pospischil2008_lts,numerical,P05_long_step,True
m-increase_dt-12296e231e,pospischil2008_lts,numerical,P06_ramp,False
m-increase_dt-12296e231e,pospischil2008_lts,numerical,P07_hyperpolarizing_step,False
m-increase_dt-12296e231e,pospischil2008_lts,numerical,P08_rebound,False
m-increase_dt-12296e231e,pospischil2008_lts,numerical,P09_short_pulse,False
m-increase_dt-12296e231e,pospischil2008_lts,numerical,P10_paired_pulses,False
m-increase_dt-12296e231e,pospischil2008_lts,numerical,P03_rheobase,False
m-increase_dt-26c6d170d7,pospischil2008_lts,numerical,P00_canonical,True
m-increase_dt-26c6d170d7,pospischil2008_lts,numerical,P01_baseline,False
m-increase_dt-26c6d170d7,pospischil2008_lts,numerical,P02_weak_step,False
m-increase_dt-26c6d170d7,pospischil2008_lts,numerical,P04_step_2x,True
m-increase_dt-26c6d170d7,pospischil2008_lts,numerical,P05_long_step,True
m-increase_dt-26c6d170d7,pospischil2008_lts,numerical,P06_ramp,False
m-increase_dt-26c6d170d7,pospischil2008_lts,numerical,P07_hyperpolarizing_step,False
m-increase_dt-26c6d170d7,pospischil2008_lts,numerical,P08_rebound,False
m-increase_dt-26c6d170d7,pospischil2008_lts,numerical,P09_short_pulse,False
m-increase_dt-26c6d170d7,pospischil2008_lts,numerical,P10_paired_pulses,False
m-increase_dt-26c6d170d7,pospischil2008_lts,numerical,P03_rheobase,False
m-recording_resolution-46bcb819ee,pospischil2008_lts,numerical,P00_canonical,True
m-recording_resolution-46bcb819ee,pospischil2008_lts,numerical,P01_baseline,False
m-recording_resolution-46bcb819ee,pospischil2008_lts,numerical,P02_weak_step,False
m-recording_resolution-46bcb819ee,pospischil2008_lts,numerical,P04_step_2x,False
m-recording_resolution-46bcb819ee,pospischil2008_lts,numerical,P05_long_step,False
m-recording_resolution-46bcb819ee,pospischil2008_lts,numerical,P06_ramp,False
m-recording_resolution-46bcb819ee,pospischil2008_lts,numerical,P07_hyperpolarizing_step,False
m-recording_resolution-46bcb819ee,pospischil2008_lts,numerical,P08_rebound,False
m-recording_resolution-46bcb819ee,pospischil2008_lts,numerical,P09_short_pulse,False
m-recording_resolution-46bcb819ee,pospischil2008_lts,numerical,P10_paired_pulses,False
m-recording_resolution-46bcb819ee,pospischil2008_lts,numerical,P03_rheobase,False
m-wrong_channel-091a20b452,pospischil2008_lts,reference,P00_canonical,True
m-wrong_channel-091a20b452,pospischil2008_lts,reference,P01_baseline,True
m-wrong_channel-091a20b452,pospischil2008_lts,reference,P02_weak_step,True
m-wrong_channel-091a20b452,pospischil2008_lts,reference,P04_step_2x,True
m-wrong_channel-091a20b452,pospischil2008_lts,reference,P05_long_step,True
m-wrong_channel-091a20b452,pospischil2008_lts,reference,P06_ramp,True
m-wrong_channel-091a20b452,pospischil2008_lts,reference,P07_hyperpolarizing_step,True
m-wrong_channel-091a20b452,pospischil2008_lts,reference,P08_rebound,True
m-wrong_channel-091a20b452,pospischil2008_lts,reference,P09_short_pulse,True
m-wrong_channel-091a20b452,pospischil2008_lts,reference,P10_paired_pulses,True
m-wrong_channel-091a20b452,pospischil2008_lts,reference,P03_rheobase,True
m-duplicate_conductance-49ac9c1585,pospischil2008_lts,reference,P00_canonical,True
m-duplicate_conductance-49ac9c1585,pospischil2008_lts,reference,P01_baseline,False
m-duplicate_conductance-49ac9c1585,pospischil2008_lts,reference,P02_weak_step,False
m-duplicate_conductance-49ac9c1585,pospischil2008_lts,reference,P04_step_2x,True
m-duplicate_conductance-49ac9c1585,pospischil2008_lts,reference,P05_long_step,True
m-duplicate_conductance-49ac9c1585,pospischil2008_lts,reference,P06_ramp,False
m-duplicate_conductance-49ac9c1585,pospischil2008_lts,reference,P07_hyperpolarizing_step,False
m-duplicate_conductance-49ac9c1585,pospischil2008_lts,reference,P08_rebound,False
m-duplicate_conductance-49ac9c1585,pospischil2008_lts,reference,P09_short_pulse,False
m-duplicate_conductance-49ac9c1585,pospischil2008_lts,reference,P10_paired_pulses,False
m-duplicate_conductance-49ac9c1585,pospischil2008_lts,reference,P03_rheobase,False
m-duplicate_conductance-e09481d53c,pospischil2008_lts,reference,P00_canonical,True
m-duplicate_conductance-e09481d53c,pospischil2008_lts,reference,P01_baseline,False
m-duplicate_conductance-e09481d53c,pospischil2008_lts,reference,P02_weak_step,False
m-duplicate_conductance-e09481d53c,pospischil2008_lts,reference,P04_step_2x,True
m-duplicate_conductance-e09481d53c,pospischil2008_lts,reference,P05_long_step,True
m-duplicate_conductance-e09481d53c,pospischil2008_lts,reference,P06_ramp,False
m-duplicate_conductance-e09481d53c,pospischil2008_lts,reference,P07_hyperpolarizing_step,False
m-duplicate_conductance-e09481d53c,pospischil2008_lts,reference,P08_rebound,False
m-duplicate_conductance-e09481d53c,pospischil2008_lts,reference,P09_short_pulse,False
m-duplicate_conductance-e09481d53c,pospischil2008_lts,reference,P10_paired_pulses,False
m-duplicate_conductance-e09481d53c,pospischil2008_lts,reference,P03_rheobase,False
