variant_id,model_id,kind,operator,family,tolerance_multiplier,class
m-scale_conductance-56da844943,pospischil2008_rs,mutant,scale_conductance,biophysical,0.5,5_non_equivalent
m-scale_conductance-56da844943,pospischil2008_rs,mutant,scale_conductance,biophysical,1.0,5_non_equivalent
m-scale_conductance-56da844943,pospischil2008_rs,mutant,scale_conductance,biophysical,2.0,5_non_equivalent
m-scale_conductance-56da844943,pospischil2008_rs,mutant,scale_conductance,biophysical,4.0,5_non_equivalent
m-scale_conductance-fa05b19484,pospischil2008_rs,mutant,scale_conductance,biophysical,0.5,5_non_equivalent
m-scale_conductance-fa05b19484,pospischil2008_rs,mutant,scale_conductance,biophysical,1.0,5_non_equivalent
m-scale_conductance-fa05b19484,pospischil2008_rs,mutant,scale_conductance,biophysical,2.0,5_non_equivalent
m-scale_conductance-fa05b19484,pospischil2008_rs,mutant,scale_conductance,biophysical,4.0,4_equivalent_within_tested_domain
m-shift_reversal-2d2e2ab474,pospischil2008_rs,mutant,shift_reversal,biophysical,0.5,5_non_equivalent
m-shift_reversal-2d2e2ab474,pospischil2008_rs,mutant,shift_reversal,biophysical,1.0,5_non_equivalent
m-shift_reversal-2d2e2ab474,pospischil2008_rs,mutant,shift_reversal,biophysical,2.0,5_non_equivalent
m-shift_reversal-2d2e2ab474,pospischil2008_rs,mutant,shift_reversal,biophysical,4.0,4_equivalent_within_tested_domain
m-shift_reversal-8c42fb9d1f,pospischil2008_rs,mutant,shift_reversal,biophysical,0.5,5_non_equivalent
m-shift_reversal-8c42fb9d1f,pospischil2008_rs,mutant,shift_reversal,biophysical,1.0,5_non_equivalent
m-shift_reversal-8c42fb9d1f,pospischil2008_rs,mutant,shift_reversal,biophysical,2.0,5_non_equivalent
m-shift_reversal-8c42fb9d1f,pospischil2008_rs,mutant,shift_reversal,biophysical,4.0,5_non_equivalent
m-scale_capacitance-ca8d29abe3,pospischil2008_rs,mutant,scale_capacitance,biophysical,0.5,5_non_equivalent
m-scale_capacitance-ca8d29abe3,pospischil2008_rs,mutant,scale_capacitance,biophysical,1.0,5_non_equivalent
m-scale_capacitance-ca8d29abe3,pospischil2008_rs,mutant,scale_capacitance,biophysical,2.0,5_non_equivalent
m-scale_capacitance-ca8d29abe3,pospischil2008_rs,mutant,scale_capacitance,biophysical,4.0,5_non_equivalent
m-scale_capacitance-a0c243c06e,pospischil2008_rs,mutant,scale_capacitance,biophysical,0.5,5_non_equivalent
m-scale_capacitance-a0c243c06e,pospischil2008_rs,mutant,scale_capacitance,biophysical,1.0,5_non_equivalent
m-scale_capacitance-a0c243c06e,pospischil2008_rs,mutant,scale_capacitance,biophysical,2.0,5_non_equivalent
m-scale_capacitance-a0c243c06e,pospischil2008_rs,mutant,scale_capacitance,biophysical,4.0,5_non_equivalent
m-scale_gate_time_constant-d9645f95f6,pospischil2008_rs,mutant,scale_gate_time_constant,biophysical,0.5,5_non_equivalent
m-scale_gate_time_constant-d9645f95f6,pospischil2008_rs,mutant,scale_gate_time_constant,biophysical,1.0,5_non_equivalent
m-scale_gate_time_constant-d9645f95f6,pospischil2008_rs,mutant,scale_gate_time_constant,biophysical,2.0,5_non_equivalent
m-scale_gate_time_constant-d9645f95f6,pospischil2008_rs,mutant,scale_gate_time_constant,biophysical,4.0,5_non_equivalent
m-scale_gate_time_constant-244443ee5f,pospischil2008_rs,mutant,scale_gate_time_constant,biophysical,0.5,5_non_equivalent
m-scale_gate_time_constant-244443ee5f,pospischil2008_rs,mutant,scale_gate_time_constant,biophysical,1.0,5_non_equivalent
m-scale_gate_time_constant-244443ee5f,pospischil2008_rs,mutant,scale_gate_time_constant,biophysical,2.0,5_non_equivalent
m-scale_gate_time_constant-244443ee5f,pospischil2008_rs,mutant,scale_gate_time_constant,biophysical,4.0,4_equivalent_within_tested_domain
m-shift_initial_voltage-fa992f061c,pospischil2008_rs,mutant,shift_initial_voltage,biophysical,0.5,4_equivalent_within_tested_domain
m-shift_initial_voltage-fa992f061c,pospischil2008_rs,mutant,shift_initial_voltage,biophysical,1.0,4_equivalent_within_tested_domain
m-shift_initial_voltage-fa992f061c,pospischil2008_rs,mutant,shift_initial_voltage,biophysical,2.0,4_equivalent_within_tested_domain
m-shift_initial_voltage-fa992f061c,pospischil2008_rs,mutant,shift_initial_voltage,biophysical,4.0,4_equivalent_within_tested_domain
m-shift_initial_voltage-26ed299545,pospischil2008_rs,mutant,shift_initial_voltage,biophysical,0.5,4_equivalent_within_tested_domain
m-shift_initial_voltage-26ed299545,pospischil2008_rs,mutant,shift_initial_voltage,biophysical,1.0,4_equivalent_within_tested_domain
m-shift_initial_voltage-26ed299545,pospischil2008_rs,mutant,shift_initial_voltage,biophysical,2.0,4_equivalent_within_tested_domain
m-shift_initial_voltage-26ed299545,pospischil2008_rs,mutant,shift_initial_voltage,biophysical,4.0,4_equivalent_within_tested_domain
m-wrong_segment_group-0524556243,pospischil2008_rs,mutant,wrong_segment_group,biophysical,0.5,4_equivalent_within_tested_domain
m-wrong_segment_group-0524556243,pospischil2008_rs,mutant,wrong_segment_group,biophysical,1.0,4_equivalent_within_tested_domain
m-wrong_segment_group-0524556243,pospischil2008_rs,mutant,wrong_segment_group,biophysical,2.0,4_equivalent_within_tested_domain
m-wrong_segment_group-0524556243,pospischil2008_rs,mutant,wrong_segment_group,biophysical,4.0,4_equivalent_within_tested_domain
m-wrong_segment_group-01dc7ba1d7,pospischil2008_rs,mutant,wrong_segment_group,biophysical,0.5,4_equivalent_within_tested_domain
m-wrong_segment_group-01dc7ba1d7,pospischil2008_rs,mutant,wrong_segment_group,biophysical,1.0,4_equivalent_within_tested_domain
m-wrong_segment_group-01dc7ba1d7,pospischil2008_rs,mutant,wrong_segment_group,biophysical,2.0,4_equivalent_within_tested_domain
m-wrong_segment_group-01dc7ba1d7,pospischil2008_rs,mutant,wrong_segment_group,biophysical,4.0,4_equivalent_within_tested_domain
m-increase_dt-b7cdfa6b5c,pospischil2008_rs,mutant,increase_dt,numerical,0.5,6_silent_under_canonical
m-increase_dt-b7cdfa6b5c,pospischil2008_rs,mutant,increase_dt,numerical,1.0,6_silent_under_canonical
m-increase_dt-b7cdfa6b5c,pospischil2008_rs,mutant,increase_dt,numerical,2.0,4_equivalent_within_tested_domain
m-increase_dt-b7cdfa6b5c,pospischil2008_rs,mutant,increase_dt,numerical,4.0,4_equivalent_within_tested_domain
m-increase_dt-f3e1491a0a,pospischil2008_rs,mutant,increase_dt,numerical,0.5,5_non_equivalent
m-increase_dt-f3e1491a0a,pospischil2008_rs,mutant,increase_dt,numerical,1.0,5_non_equivalent
m-increase_dt-f3e1491a0a,pospischil2008_rs,mutant,increase_dt,numerical,2.0,6_silent_under_canonical
m-increase_dt-f3e1491a0a,pospischil2008_rs,mutant,increase_dt,numerical,4.0,6_silent_under_canonical
m-solver_config-5b315b1b38,pospischil2008_rs,mutant,solver_config,numerical,0.5,4_equivalent_within_tested_domain
m-solver_config-5b315b1b38,pospischil2008_rs,mutant,solver_config,numerical,1.0,4_equivalent_within_tested_domain
m-solver_config-5b315b1b38,pospischil2008_rs,mutant,solver_config,numerical,2.0,4_equivalent_within_tested_domain
m-solver_config-5b315b1b38,pospischil2008_rs,mutant,solver_config,numerical,4.0,4_equivalent_within_tested_domain
m-solver_config-61de603422,pospischil2008_rs,mutant,solver_config,numerical,0.5,4_equivalent_within_tested_domain
m-solver_config-61de603422,pospischil2008_rs,mutant,solver_config,numerical,1.0,4_equivalent_within_tested_domain
m-solver_config-61de603422,pospischil2008_rs,mutant,solver_config,numerical,2.0,4_equivalent_within_tested_domain
m-solver_config-61de603422,pospischil2008_rs,mutant,solver_config,numerical,4.0,4_equivalent_within_tested_domain
m-recording_resolution-809fde10a5,pospischil2008_rs,mutant,recording_resolution,numerical,0.5,4_equivalent_within_tested_domain
m-recording_resolution-809fde10a5,pospischil2008_rs,mutant,recording_resolution,numerical,1.0,4_equivalent_within_tested_domain
m-recording_resolution-809fde10a5,pospischil2008_rs,mutant,recording_resolution,numerical,2.0,4_equivalent_within_tested_domain
m-recording_resolution-809fde10a5,pospischil2008_rs,mutant,recording_resolution,numerical,4.0,4_equivalent_within_tested_domain
m-recording_resolution-7d6e4357af,pospischil2008_rs,mutant,recording_resolution,numerical,0.5,6_silent_under_canonical
m-recording_resolution-7d6e4357af,pospischil2008_rs,mutant,recording_resolution,numerical,1.0,6_silent_under_canonical
m-recording_resolution-7d6e4357af,pospischil2008_rs,mutant,recording_resolution,numerical,2.0,6_silent_under_canonical
m-recording_resolution-7d6e4357af,pospischil2008_rs,mutant,recording_resolution,numerical,4.0,4_equivalent_within_tested_domain
m-wrong_channel-9d7d66750b,pospischil2008_rs,mutant,wrong_channel,reference,0.5,3_numerically_unstable
m-wrong_channel-9d7d66750b,pospischil2008_rs,mutant,wrong_channel,reference,1.0,3_numerically_unstable
m-wrong_channel-9d7d66750b,pospischil2008_rs,mutant,wrong_channel,reference,2.0,3_numerically_unstable
m-wrong_channel-9d7d66750b,pospischil2008_rs,mutant,wrong_channel,reference,4.0,3_numerically_unstable
m-wrong_channel-ae41ace4e7,pospischil2008_rs,mutant,wrong_channel,reference,0.5,2_non_executable
m-wrong_channel-ae41ace4e7,pospischil2008_rs,mutant,wrong_channel,reference,1.0,2_non_executable
m-wrong_channel-ae41ace4e7,pospischil2008_rs,mutant,wrong_channel,reference,2.0,2_non_executable
m-wrong_channel-ae41ace4e7,pospischil2008_rs,mutant,wrong_channel,reference,4.0,2_non_executable
m-omit_include-1e5a6df120,pospischil2008_rs,mutant,omit_include,reference,0.5,1_structurally_invalid
m-omit_include-1e5a6df120,pospischil2008_rs,mutant,omit_include,reference,1.0,1_structurally_invalid
m-omit_include-1e5a6df120,pospischil2008_rs,mutant,omit_include,reference,2.0,1_structurally_invalid
m-omit_include-1e5a6df120,pospischil2008_rs,mutant,omit_include,reference,4.0,1_structurally_invalid
m-omit_include-323831e37a,pospischil2008_rs,mutant,omit_include,reference,0.5,2_non_executable
m-omit_include-323831e37a,pospischil2008_rs,mutant,omit_include,reference,1.0,2_non_executable
m-omit_include-323831e37a,pospischil2008_rs,mutant,omit_include,reference,2.0,2_non_executable
m-omit_include-323831e37a,pospischil2008_rs,mutant,omit_include,reference,4.0,2_non_executable
m-duplicate_conductance-c92521ba5f,pospischil2008_rs,mutant,duplicate_conductance,reference,0.5,5_non_equivalent
m-duplicate_conductance-c92521ba5f,pospischil2008_rs,mutant,duplicate_conductance,reference,1.0,5_non_equivalent
m-duplicate_conductance-c92521ba5f,pospischil2008_rs,mutant,duplicate_conductance,reference,2.0,5_non_equivalent
m-duplicate_conductance-c92521ba5f,pospischil2008_rs,mutant,duplicate_conductance,reference,4.0,5_non_equivalent
m-duplicate_conductance-4e2ab48a04,pospischil2008_rs,mutant,duplicate_conductance,reference,0.5,5_non_equivalent
m-duplicate_conductance-4e2ab48a04,pospischil2008_rs,mutant,duplicate_conductance,reference,1.0,5_non_equivalent
m-duplicate_conductance-4e2ab48a04,pospischil2008_rs,mutant,duplicate_conductance,reference,2.0,5_non_equivalent
m-duplicate_conductance-4e2ab48a04,pospischil2008_rs,mutant,duplicate_conductance,reference,4.0,5_non_equivalent
m-wrong_compatible_component-6f57d23e68,pospischil2008_rs,mutant,wrong_compatible_component,reference,0.5,2_non_executable
m-wrong_compatible_component-6f57d23e68,pospischil2008_rs,mutant,wrong_compatible_component,reference,1.0,2_non_executable
m-wrong_compatible_component-6f57d23e68,pospischil2008_rs,mutant,wrong_compatible_component,reference,2.0,2_non_executable
m-wrong_compatible_component-6f57d23e68,pospischil2008_rs,mutant,wrong_compatible_component,reference,4.0,2_non_executable
m-wrong_compatible_component-b3f30eac45,pospischil2008_rs,mutant,wrong_compatible_component,reference,0.5,2_non_executable
m-wrong_compatible_component-b3f30eac45,pospischil2008_rs,mutant,wrong_compatible_component,reference,1.0,2_non_executable
m-wrong_compatible_component-b3f30eac45,pospischil2008_rs,mutant,wrong_compatible_component,reference,2.0,2_non_executable
m-wrong_compatible_component-b3f30eac45,pospischil2008_rs,mutant,wrong_compatible_component,reference,4.0,2_non_executable
pospischil2008_rs__unit_conversion__000,pospischil2008_rs,valid_transform,unit_conversion,unit_conversion,0.5,4_equivalent_within_tested_domain
pospischil2008_rs__unit_conversion__000,pospischil2008_rs,valid_transform,unit_conversion,unit_conversion,1.0,4_equivalent_within_tested_domain
pospischil2008_rs__unit_conversion__000,pospischil2008_rs,valid_transform,unit_conversion,unit_conversion,2.0,4_equivalent_within_tested_domain
pospischil2008_rs__unit_conversion__000,pospischil2008_rs,valid_transform,unit_conversion,unit_conversion,4.0,4_equivalent_within_tested_domain
pospischil2008_rs__xml_formatting__000,pospischil2008_rs,no_change_control,xml_formatting,formatting,0.5,4_equivalent_within_tested_domain
pospischil2008_rs__xml_formatting__000,pospischil2008_rs,no_change_control,xml_formatting,formatting,1.0,4_equivalent_within_tested_domain
pospischil2008_rs__xml_formatting__000,pospischil2008_rs,no_change_control,xml_formatting,formatting,2.0,4_equivalent_within_tested_domain
pospischil2008_rs__xml_formatting__000,pospischil2008_rs,no_change_control,xml_formatting,formatting,4.0,4_equivalent_within_tested_domain
pospischil2008_rs__add_comments__000,pospischil2008_rs,no_change_control,add_comments,formatting,0.5,4_equivalent_within_tested_domain
pospischil2008_rs__add_comments__000,pospischil2008_rs,no_change_control,add_comments,formatting,1.0,4_equivalent_within_tested_domain
pospischil2008_rs__add_comments__000,pospischil2008_rs,no_change_control,add_comments,formatting,2.0,4_equivalent_within_tested_domain
pospischil2008_rs__add_comments__000,pospischil2008_rs,no_change_control,add_comments,formatting,4.0,4_equivalent_within_tested_domain
pospischil2008_rs__numeric_literal_format__000,pospischil2008_rs,valid_transform,numeric_literal_format,literal_format,0.5,4_equivalent_within_tested_domain
pospischil2008_rs__numeric_literal_format__000,pospischil2008_rs,valid_transform,numeric_literal_format,literal_format,1.0,4_equivalent_within_tested_domain
pospischil2008_rs__numeric_literal_format__000,pospischil2008_rs,valid_transform,numeric_literal_format,literal_format,2.0,4_equivalent_within_tested_domain
pospischil2008_rs__numeric_literal_format__000,pospischil2008_rs,valid_transform,numeric_literal_format,literal_format,4.0,4_equivalent_within_tested_domain
pospischil2008_rs__rename_identifier__000,pospischil2008_rs,valid_transform,rename_identifier,renaming,0.5,4_equivalent_within_tested_domain
pospischil2008_rs__rename_identifier__000,pospischil2008_rs,valid_transform,rename_identifier,renaming,1.0,4_equivalent_within_tested_domain
pospischil2008_rs__rename_identifier__000,pospischil2008_rs,valid_transform,rename_identifier,renaming,2.0,4_equivalent_within_tested_domain
pospischil2008_rs__rename_identifier__000,pospischil2008_rs,valid_transform,rename_identifier,renaming,4.0,4_equivalent_within_tested_domain
pospischil2008_rs__factor_file__000,pospischil2008_rs,valid_transform,factor_file,factoring,0.5,4_equivalent_within_tested_domain
pospischil2008_rs__factor_file__000,pospischil2008_rs,valid_transform,factor_file,factoring,1.0,4_equivalent_within_tested_domain
pospischil2008_rs__factor_file__000,pospischil2008_rs,valid_transform,factor_file,factoring,2.0,4_equivalent_within_tested_domain
pospischil2008_rs__factor_file__000,pospischil2008_rs,valid_transform,factor_file,factoring,4.0,4_equivalent_within_tested_domain
pospischil2008_rs__reorder_independent__000,pospischil2008_rs,valid_transform,reorder_independent,reordering,0.5,4_equivalent_within_tested_domain
pospischil2008_rs__reorder_independent__000,pospischil2008_rs,valid_transform,reorder_independent,reordering,1.0,4_equivalent_within_tested_domain
pospischil2008_rs__reorder_independent__000,pospischil2008_rs,valid_transform,reorder_independent,reordering,2.0,4_equivalent_within_tested_domain
pospischil2008_rs__reorder_independent__000,pospischil2008_rs,valid_transform,reorder_independent,reordering,4.0,4_equivalent_within_tested_domain
pospischil2008_rs__explicit_default__000,pospischil2008_rs,valid_transform,explicit_default,explicit_default,0.5,4_equivalent_within_tested_domain
pospischil2008_rs__explicit_default__000,pospischil2008_rs,valid_transform,explicit_default,explicit_default,1.0,4_equivalent_within_tested_domain
pospischil2008_rs__explicit_default__000,pospischil2008_rs,valid_transform,explicit_default,explicit_default,2.0,4_equivalent_within_tested_domain
pospischil2008_rs__explicit_default__000,pospischil2008_rs,valid_transform,explicit_default,explicit_default,4.0,4_equivalent_within_tested_domain
m-scale_conductance-9b1ec69fe4,pospischil2008_lts,mutant,scale_conductance,biophysical,0.5,5_non_equivalent
m-scale_conductance-9b1ec69fe4,pospischil2008_lts,mutant,scale_conductance,biophysical,1.0,5_non_equivalent
m-scale_conductance-9b1ec69fe4,pospischil2008_lts,mutant,scale_conductance,biophysical,2.0,5_non_equivalent
m-scale_conductance-9b1ec69fe4,pospischil2008_lts,mutant,scale_conductance,biophysical,4.0,5_non_equivalent
m-scale_conductance-1000aafe3e,pospischil2008_lts,mutant,scale_conductance,biophysical,0.5,5_non_equivalent
m-scale_conductance-1000aafe3e,pospischil2008_lts,mutant,scale_conductance,biophysical,1.0,5_non_equivalent
m-scale_conductance-1000aafe3e,pospischil2008_lts,mutant,scale_conductance,biophysical,2.0,5_non_equivalent
m-scale_conductance-1000aafe3e,pospischil2008_lts,mutant,scale_conductance,biophysical,4.0,5_non_equivalent
m-shift_reversal-27f94c8222,pospischil2008_lts,mutant,shift_reversal,biophysical,0.5,5_non_equivalent
m-shift_reversal-27f94c8222,pospischil2008_lts,mutant,shift_reversal,biophysical,1.0,5_non_equivalent
m-shift_reversal-27f94c8222,pospischil2008_lts,mutant,shift_reversal,biophysical,2.0,5_non_equivalent
m-shift_reversal-27f94c8222,pospischil2008_lts,mutant,shift_reversal,biophysical,4.0,5_non_equivalent
m-shift_reversal-5c87169260,pospischil2008_lts,mutant,shift_reversal,biophysical,0.5,5_non_equivalent
m-shift_reversal-5c87169260,pospischil2008_lts,mutant,shift_reversal,biophysical,1.0,5_non_equivalent
m-shift_reversal-5c87169260,pospischil2008_lts,mutant,shift_reversal,biophysical,2.0,5_non_equivalent
m-shift_reversal-5c87169260,pospischil2008_lts,mutant,shift_reversal,biophysical,4.0,5_non_equivalent
m-scale_capacitance-ee6df9013d,pospischil2008_lts,mutant,scale_capacitance,biophysical,0.5,5_non_equivalent
m-scale_capacitance-ee6df9013d,pospischil2008_lts,mutant,scale_capacitance,biophysical,1.0,5_non_equivalent
m-scale_capacitance-ee6df9013d,pospischil2008_lts,mutant,scale_capacitance,biophysical,2.0,5_non_equivalent
m-scale_capacitance-ee6df9013d,pospischil2008_lts,mutant,scale_capacitance,biophysical,4.0,5_non_equivalent
m-scale_capacitance-64ced10e8f,pospischil2008_lts,mutant,scale_capacitance,biophysical,0.5,5_non_equivalent
m-scale_capacitance-64ced10e8f,pospischil2008_lts,mutant,scale_capacitance,biophysical,1.0,5_non_equivalent
m-scale_capacitance-64ced10e8f,pospischil2008_lts,mutant,scale_capacitance,biophysical,2.0,5_non_equivalent
m-scale_capacitance-64ced10e8f,pospischil2008_lts,mutant,scale_capacitance,biophysical,4.0,5_non_equivalent
m-scale_gate_time_constant-834b272d00,pospischil2008_lts,mutant,scale_gate_time_constant,biophysical,0.5,5_non_equivalent
m-scale_gate_time_constant-834b272d00,pospischil2008_lts,mutant,scale_gate_time_constant,biophysical,1.0,5_non_equivalent
m-scale_gate_time_constant-834b272d00,pospischil2008_lts,mutant,scale_gate_time_constant,biophysical,2.0,5_non_equivalent
m-scale_gate_time_constant-834b272d00,pospischil2008_lts,mutant,scale_gate_time_constant,biophysical,4.0,4_equivalent_within_tested_domain
m-scale_gate_time_constant-bac677a78d,pospischil2008_lts,mutant,scale_gate_time_constant,biophysical,0.5,5_non_equivalent
m-scale_gate_time_constant-bac677a78d,pospischil2008_lts,mutant,scale_gate_time_constant,biophysical,1.0,5_non_equivalent
m-scale_gate_time_constant-bac677a78d,pospischil2008_lts,mutant,scale_gate_time_constant,biophysical,2.0,5_non_equivalent
m-scale_gate_time_constant-bac677a78d,pospischil2008_lts,mutant,scale_gate_time_constant,biophysical,4.0,5_non_equivalent
m-shift_initial_voltage-11bd93c6c3,pospischil2008_lts,mutant,shift_initial_voltage,biophysical,0.5,5_non_equivalent
m-shift_initial_voltage-11bd93c6c3,pospischil2008_lts,mutant,shift_initial_voltage,biophysical,1.0,5_non_equivalent
m-shift_initial_voltage-11bd93c6c3,pospischil2008_lts,mutant,shift_initial_voltage,biophysical,2.0,6_silent_under_canonical
m-shift_initial_voltage-11bd93c6c3,pospischil2008_lts,mutant,shift_initial_voltage,biophysical,4.0,4_equivalent_within_tested_domain
m-shift_initial_voltage-6b902307a8,pospischil2008_lts,mutant,shift_initial_voltage,biophysical,0.5,not_evaluable
m-shift_initial_voltage-6b902307a8,pospischil2008_lts,mutant,shift_initial_voltage,biophysical,1.0,4_equivalent_within_tested_domain
m-shift_initial_voltage-6b902307a8,pospischil2008_lts,mutant,shift_initial_voltage,biophysical,2.0,4_equivalent_within_tested_domain
m-shift_initial_voltage-6b902307a8,pospischil2008_lts,mutant,shift_initial_voltage,biophysical,4.0,4_equivalent_within_tested_domain
m-wrong_segment_group-feb11f7645,pospischil2008_lts,mutant,wrong_segment_group,biophysical,0.5,4_equivalent_within_tested_domain
m-wrong_segment_group-feb11f7645,pospischil2008_lts,mutant,wrong_segment_group,biophysical,1.0,4_equivalent_within_tested_domain
m-wrong_segment_group-feb11f7645,pospischil2008_lts,mutant,wrong_segment_group,biophysical,2.0,4_equivalent_within_tested_domain
m-wrong_segment_group-feb11f7645,pospischil2008_lts,mutant,wrong_segment_group,biophysical,4.0,4_equivalent_within_tested_domain
m-wrong_segment_group-69f2f09ffc,pospischil2008_lts,mutant,wrong_segment_group,biophysical,0.5,4_equivalent_within_tested_domain
m-wrong_segment_group-69f2f09ffc,pospischil2008_lts,mutant,wrong_segment_group,biophysical,1.0,4_equivalent_within_tested_domain
m-wrong_segment_group-69f2f09ffc,pospischil2008_lts,mutant,wrong_segment_group,biophysical,2.0,4_equivalent_within_tested_domain
m-wrong_segment_group-69f2f09ffc,pospischil2008_lts,mutant,wrong_segment_group,biophysical,4.0,4_equivalent_within_tested_domain
m-increase_dt-12296e231e,pospischil2008_lts,mutant,increase_dt,numerical,0.5,5_non_equivalent
m-increase_dt-12296e231e,pospischil2008_lts,mutant,increase_dt,numerical,1.0,6_silent_under_canonical
m-increase_dt-12296e231e,pospischil2008_lts,mutant,increase_dt,numerical,2.0,4_equivalent_within_tested_domain
m-increase_dt-12296e231e,pospischil2008_lts,mutant,increase_dt,numerical,4.0,4_equivalent_within_tested_domain
m-increase_dt-26c6d170d7,pospischil2008_lts,mutant,increase_dt,numerical,0.5,5_non_equivalent
m-increase_dt-26c6d170d7,pospischil2008_lts,mutant,increase_dt,numerical,1.0,5_non_equivalent
m-increase_dt-26c6d170d7,pospischil2008_lts,mutant,increase_dt,numerical,2.0,5_non_equivalent
m-increase_dt-26c6d170d7,pospischil2008_lts,mutant,increase_dt,numerical,4.0,4_equivalent_within_tested_domain
m-solver_config-05a4d042ce,pospischil2008_lts,mutant,solver_config,numerical,0.5,4_equivalent_within_tested_domain
m-solver_config-05a4d042ce,pospischil2008_lts,mutant,solver_config,numerical,1.0,4_equivalent_within_tested_domain
m-solver_config-05a4d042ce,pospischil2008_lts,mutant,solver_config,numerical,2.0,4_equivalent_within_tested_domain
m-solver_config-05a4d042ce,pospischil2008_lts,mutant,solver_config,numerical,4.0,4_equivalent_within_tested_domain
m-solver_config-f0ab9d8f86,pospischil2008_lts,mutant,solver_config,numerical,0.5,4_equivalent_within_tested_domain
m-solver_config-f0ab9d8f86,pospischil2008_lts,mutant,solver_config,numerical,1.0,4_equivalent_within_tested_domain
m-solver_config-f0ab9d8f86,pospischil2008_lts,mutant,solver_config,numerical,2.0,4_equivalent_within_tested_domain
m-solver_config-f0ab9d8f86,pospischil2008_lts,mutant,solver_config,numerical,4.0,4_equivalent_within_tested_domain
m-recording_resolution-7d86fbc601,pospischil2008_lts,mutant,recording_resolution,numerical,0.5,4_equivalent_within_tested_domain
m-recording_resolution-7d86fbc601,pospischil2008_lts,mutant,recording_resolution,numerical,1.0,4_equivalent_within_tested_domain
m-recording_resolution-7d86fbc601,pospischil2008_lts,mutant,recording_resolution,numerical,2.0,4_equivalent_within_tested_domain
m-recording_resolution-7d86fbc601,pospischil2008_lts,mutant,recording_resolution,numerical,4.0,4_equivalent_within_tested_domain
m-recording_resolution-46bcb819ee,pospischil2008_lts,mutant,recording_resolution,numerical,0.5,5_non_equivalent
m-recording_resolution-46bcb819ee,pospischil2008_lts,mutant,recording_resolution,numerical,1.0,5_non_equivalent
m-recording_resolution-46bcb819ee,pospischil2008_lts,mutant,recording_resolution,numerical,2.0,4_equivalent_within_tested_domain
m-recording_resolution-46bcb819ee,pospischil2008_lts,mutant,recording_resolution,numerical,4.0,4_equivalent_within_tested_domain
m-wrong_channel-091a20b452,pospischil2008_lts,mutant,wrong_channel,reference,0.5,5_non_equivalent
m-wrong_channel-091a20b452,pospischil2008_lts,mutant,wrong_channel,reference,1.0,5_non_equivalent
m-wrong_channel-091a20b452,pospischil2008_lts,mutant,wrong_channel,reference,2.0,5_non_equivalent
m-wrong_channel-091a20b452,pospischil2008_lts,mutant,wrong_channel,reference,4.0,5_non_equivalent
m-wrong_channel-b78286d788,pospischil2008_lts,mutant,wrong_channel,reference,0.5,2_non_executable
m-wrong_channel-b78286d788,pospischil2008_lts,mutant,wrong_channel,reference,1.0,2_non_executable
m-wrong_channel-b78286d788,pospischil2008_lts,mutant,wrong_channel,reference,2.0,2_non_executable
m-wrong_channel-b78286d788,pospischil2008_lts,mutant,wrong_channel,reference,4.0,2_non_executable
m-omit_include-0307bc9abe,pospischil2008_lts,mutant,omit_include,reference,0.5,1_structurally_invalid
m-omit_include-0307bc9abe,pospischil2008_lts,mutant,omit_include,reference,1.0,1_structurally_invalid
m-omit_include-0307bc9abe,pospischil2008_lts,mutant,omit_include,reference,2.0,1_structurally_invalid
m-omit_include-0307bc9abe,pospischil2008_lts,mutant,omit_include,reference,4.0,1_structurally_invalid
m-omit_include-7207b139f8,pospischil2008_lts,mutant,omit_include,reference,0.5,2_non_executable
m-omit_include-7207b139f8,pospischil2008_lts,mutant,omit_include,reference,1.0,2_non_executable
m-omit_include-7207b139f8,pospischil2008_lts,mutant,omit_include,reference,2.0,2_non_executable
m-omit_include-7207b139f8,pospischil2008_lts,mutant,omit_include,reference,4.0,2_non_executable
m-duplicate_conductance-49ac9c1585,pospischil2008_lts,mutant,duplicate_conductance,reference,0.5,5_non_equivalent
m-duplicate_conductance-49ac9c1585,pospischil2008_lts,mutant,duplicate_conductance,reference,1.0,5_non_equivalent
m-duplicate_conductance-49ac9c1585,pospischil2008_lts,mutant,duplicate_conductance,reference,2.0,5_non_equivalent
m-duplicate_conductance-49ac9c1585,pospischil2008_lts,mutant,duplicate_conductance,reference,4.0,5_non_equivalent
m-duplicate_conductance-e09481d53c,pospischil2008_lts,mutant,duplicate_conductance,reference,0.5,5_non_equivalent
m-duplicate_conductance-e09481d53c,pospischil2008_lts,mutant,duplicate_conductance,reference,1.0,5_non_equivalent
m-duplicate_conductance-e09481d53c,pospischil2008_lts,mutant,duplicate_conductance,reference,2.0,5_non_equivalent
m-duplicate_conductance-e09481d53c,pospischil2008_lts,mutant,duplicate_conductance,reference,4.0,5_non_equivalent
m-wrong_compatible_component-30dde70761,pospischil2008_lts,mutant,wrong_compatible_component,reference,0.5,2_non_executable
m-wrong_compatible_component-30dde70761,pospischil2008_lts,mutant,wrong_compatible_component,reference,1.0,2_non_executable
m-wrong_compatible_component-30dde70761,pospischil2008_lts,mutant,wrong_compatible_component,reference,2.0,2_non_executable
m-wrong_compatible_component-30dde70761,pospischil2008_lts,mutant,wrong_compatible_component,reference,4.0,2_non_executable
m-wrong_compatible_component-c51f0c7ae1,pospischil2008_lts,mutant,wrong_compatible_component,reference,0.5,2_non_executable
m-wrong_compatible_component-c51f0c7ae1,pospischil2008_lts,mutant,wrong_compatible_component,reference,1.0,2_non_executable
m-wrong_compatible_component-c51f0c7ae1,pospischil2008_lts,mutant,wrong_compatible_component,reference,2.0,2_non_executable
m-wrong_compatible_component-c51f0c7ae1,pospischil2008_lts,mutant,wrong_compatible_component,reference,4.0,2_non_executable
pospischil2008_lts__unit_conversion__000,pospischil2008_lts,valid_transform,unit_conversion,unit_conversion,0.5,4_equivalent_within_tested_domain
pospischil2008_lts__unit_conversion__000,pospischil2008_lts,valid_transform,unit_conversion,unit_conversion,1.0,4_equivalent_within_tested_domain
pospischil2008_lts__unit_conversion__000,pospischil2008_lts,valid_transform,unit_conversion,unit_conversion,2.0,4_equivalent_within_tested_domain
pospischil2008_lts__unit_conversion__000,pospischil2008_lts,valid_transform,unit_conversion,unit_conversion,4.0,4_equivalent_within_tested_domain
pospischil2008_lts__xml_formatting__000,pospischil2008_lts,no_change_control,xml_formatting,formatting,0.5,4_equivalent_within_tested_domain
pospischil2008_lts__xml_formatting__000,pospischil2008_lts,no_change_control,xml_formatting,formatting,1.0,4_equivalent_within_tested_domain
pospischil2008_lts__xml_formatting__000,pospischil2008_lts,no_change_control,xml_formatting,formatting,2.0,4_equivalent_within_tested_domain
pospischil2008_lts__xml_formatting__000,pospischil2008_lts,no_change_control,xml_formatting,formatting,4.0,4_equivalent_within_tested_domain
pospischil2008_lts__add_comments__000,pospischil2008_lts,no_change_control,add_comments,formatting,0.5,4_equivalent_within_tested_domain
pospischil2008_lts__add_comments__000,pospischil2008_lts,no_change_control,add_comments,formatting,1.0,4_equivalent_within_tested_domain
pospischil2008_lts__add_comments__000,pospischil2008_lts,no_change_control,add_comments,formatting,2.0,4_equivalent_within_tested_domain
pospischil2008_lts__add_comments__000,pospischil2008_lts,no_change_control,add_comments,formatting,4.0,4_equivalent_within_tested_domain
pospischil2008_lts__numeric_literal_format__000,pospischil2008_lts,valid_transform,numeric_literal_format,literal_format,0.5,4_equivalent_within_tested_domain
pospischil2008_lts__numeric_literal_format__000,pospischil2008_lts,valid_transform,numeric_literal_format,literal_format,1.0,4_equivalent_within_tested_domain
pospischil2008_lts__numeric_literal_format__000,pospischil2008_lts,valid_transform,numeric_literal_format,literal_format,2.0,4_equivalent_within_tested_domain
pospischil2008_lts__numeric_literal_format__000,pospischil2008_lts,valid_transform,numeric_literal_format,literal_format,4.0,4_equivalent_within_tested_domain
pospischil2008_lts__rename_identifier__000,pospischil2008_lts,valid_transform,rename_identifier,renaming,0.5,4_equivalent_within_tested_domain
pospischil2008_lts__rename_identifier__000,pospischil2008_lts,valid_transform,rename_identifier,renaming,1.0,4_equivalent_within_tested_domain
pospischil2008_lts__rename_identifier__000,pospischil2008_lts,valid_transform,rename_identifier,renaming,2.0,4_equivalent_within_tested_domain
pospischil2008_lts__rename_identifier__000,pospischil2008_lts,valid_transform,rename_identifier,renaming,4.0,4_equivalent_within_tested_domain
pospischil2008_lts__factor_file__000,pospischil2008_lts,valid_transform,factor_file,factoring,0.5,4_equivalent_within_tested_domain
pospischil2008_lts__factor_file__000,pospischil2008_lts,valid_transform,factor_file,factoring,1.0,4_equivalent_within_tested_domain
pospischil2008_lts__factor_file__000,pospischil2008_lts,valid_transform,factor_file,factoring,2.0,4_equivalent_within_tested_domain
pospischil2008_lts__factor_file__000,pospischil2008_lts,valid_transform,factor_file,factoring,4.0,4_equivalent_within_tested_domain
pospischil2008_lts__reorder_independent__000,pospischil2008_lts,valid_transform,reorder_independent,reordering,0.5,4_equivalent_within_tested_domain
pospischil2008_lts__reorder_independent__000,pospischil2008_lts,valid_transform,reorder_independent,reordering,1.0,4_equivalent_within_tested_domain
pospischil2008_lts__reorder_independent__000,pospischil2008_lts,valid_transform,reorder_independent,reordering,2.0,4_equivalent_within_tested_domain
pospischil2008_lts__reorder_independent__000,pospischil2008_lts,valid_transform,reorder_independent,reordering,4.0,4_equivalent_within_tested_domain
pospischil2008_lts__explicit_default__000,pospischil2008_lts,valid_transform,explicit_default,explicit_default,0.5,4_equivalent_within_tested_domain
pospischil2008_lts__explicit_default__000,pospischil2008_lts,valid_transform,explicit_default,explicit_default,1.0,4_equivalent_within_tested_domain
pospischil2008_lts__explicit_default__000,pospischil2008_lts,valid_transform,explicit_default,explicit_default,2.0,4_equivalent_within_tested_domain
pospischil2008_lts__explicit_default__000,pospischil2008_lts,valid_transform,explicit_default,explicit_default,4.0,4_equivalent_within_tested_domain
